unique_id,ds,y
H1,2024-01-01 00:00:00.000,-0.311312375309203
H1,2024-01-01 00:00:00.001,-0.309305037286005
H1,2024-01-01 00:00:00.002,-0.307972631923078
H1,2024-01-01 00:00:00.003,-0.305666588987469
H1,2024-01-01 00:00:00.004,-0.30497249743115
H1,2024-01-01 00:00:00.005,-0.303281447619953
H1,2024-01-01 00:00:00.006,-0.301977222046265
H1,2024-01-01 00:00:00.007,-0.300449131759503
H1,2024-01-01 00:00:00.008,-0.299339750585949
H1,2024-01-01 00:00:00.009,-0.298927284211065
H1,2024-01-01 00:00:00.010,-0.297046330132047
H1,2024-01-01 00:00:00.011,-0.295221725379073
H1,2024-01-01 00:00:00.012,-0.292562801791862
H1,2024-01-01 00:00:00.013,-0.289470011242306
H1,2024-01-01 00:00:00.014,-0.287178673600821
H1,2024-01-01 00:00:00.015,-0.284775795713562
H1,2024-01-01 00:00:00.016,-0.282141265324444
H1,2024-01-01 00:00:00.017,-0.279819474557918
H1,2024-01-01 00:00:00.018,-0.276855410835702
H1,2024-01-01 00:00:00.019,-0.274460765996308
H1,2024-01-01 00:00:00.020,-0.273273233163746
H1,2024-01-01 00:00:00.021,-0.272300894040347
H1,2024-01-01 00:00:00.022,-0.270806933033828
H1,2024-01-01 00:00:00.023,-0.26958953097058
H1,2024-01-01 00:00:00.024,-0.267883623597577
H1,2024-01-01 00:00:00.025,-0.265981798585072
H1,2024-01-01 00:00:00.026,-0.264325570462384
H1,2024-01-01 00:00:00.027,-0.26340321587321
H1,2024-01-01 00:00:00.028,-0.26203397485975
H1,2024-01-01 00:00:00.029,-0.261331444741649
H1,2024-01-01 00:00:00.030,-0.260805468164228
H1,2024-01-01 00:00:00.031,-0.260380844628003
H1,2024-01-01 00:00:00.032,-0.259662577591478
H1,2024-01-01 00:00:00.033,-0.258572503410229
H1,2024-01-01 00:00:00.034,-0.257138431895928
H1,2024-01-01 00:00:00.035,-0.25565657863564
H1,2024-01-01 00:00:00.036,-0.253523111943422
H1,2024-01-01 00:00:00.037,-0.250658556013352
H1,2024-01-01 00:00:00.038,-0.247948448214653
H1,2024-01-01 00:00:00.039,-0.244982981712596
H1,2024-01-01 00:00:00.040,-0.242393410622181
H1,2024-01-01 00:00:00.041,-0.239792715413371
H1,2024-01-01 00:00:00.042,-0.236578681378804
H1,2024-01-01 00:00:00.043,-0.232956168390541
H1,2024-01-01 00:00:00.044,-0.229225462474501
H1,2024-01-01 00:00:00.045,-0.225988336792392
H1,2024-01-01 00:00:00.046,-0.22286071067095
H1,2024-01-01 00:00:00.047,-0.219593454466562
H1,2024-01-01 00:00:00.048,-0.216542639731725
H1,2024-01-01 00:00:00.049,-0.21354658807396
H1,2024-01-01 00:00:00.050,-0.210350484636439
H1,2024-01-01 00:00:00.051,-0.207526696016659
H1,2024-01-01 00:00:00.052,-0.205191082489872
H1,2024-01-01 00:00:00.053,-0.2026498452715
H1,2024-01-01 00:00:00.054,-0.199219031632141
H1,2024-01-01 00:00:00.055,-0.195621668565391
H1,2024-01-01 00:00:00.056,-0.191620880147347
H1,2024-01-01 00:00:00.057,-0.188830193681145
H1,2024-01-01 00:00:00.058,-0.186203020918745
H1,2024-01-01 00:00:00.059,-0.183349998236605
H1,2024-01-01 00:00:00.060,-0.180321706865776
H1,2024-01-01 00:00:00.061,-0.176693593591249
H1,2024-01-01 00:00:00.062,-0.173061187455095
H1,2024-01-01 00:00:00.063,-0.169205702026609
H1,2024-01-01 00:00:00.064,-0.165335827805872
H1,2024-01-01 00:00:00.065,-0.161724548538298
H1,2024-01-01 00:00:00.066,-0.159637901828916
H1,2024-01-01 00:00:00.067,-0.15756366288776
H1,2024-01-01 00:00:00.068,-0.155842573773363
H1,2024-01-01 00:00:00.069,-0.153697618674322
H1,2024-01-01 00:00:00.070,-0.151700044597262
H1,2024-01-01 00:00:00.071,-0.149432845357761
H1,2024-01-01 00:00:00.072,-0.146264697269846
H1,2024-01-01 00:00:00.073,-0.143907042240687
H1,2024-01-01 00:00:00.074,-0.140715275503744
H1,2024-01-01 00:00:00.075,-0.138360184211518
H1,2024-01-01 00:00:00.076,-0.135878274416446
H1,2024-01-01 00:00:00.077,-0.132834834029919
H1,2024-01-01 00:00:00.078,-0.129885713415362
H1,2024-01-01 00:00:00.079,-0.126666013065611
H1,2024-01-01 00:00:00.080,-0.124165941843639
H1,2024-01-01 00:00:00.081,-0.121925139095273
H1,2024-01-01 00:00:00.082,-0.119999773578614
H1,2024-01-01 00:00:00.083,-0.118188294230936
H1,2024-01-01 00:00:00.084,-0.115874936559447
H1,2024-01-01 00:00:00.085,-0.112753321443174
H1,2024-01-01 00:00:00.086,-0.1099984179384
H1,2024-01-01 00:00:00.087,-0.107850901333976
H1,2024-01-01 00:00:00.088,-0.106336873744249
H1,2024-01-01 00:00:00.089,-0.104960505517436
H1,2024-01-01 00:00:00.090,-0.102247636412233
H1,2024-01-01 00:00:00.091,-0.100056187925777
H1,2024-01-01 00:00:00.092,-0.09773798960092
H1,2024-01-01 00:00:00.093,-0.0954422370506537
H1,2024-01-01 00:00:00.094,-0.0939172815380777
H1,2024-01-01 00:00:00.095,-0.0923528347477201
H1,2024-01-01 00:00:00.096,-0.0902955409754357
H1,2024-01-01 00:00:00.097,-0.0874669353744318
H1,2024-01-01 00:00:00.098,-0.0854249433048514
H1,2024-01-01 00:00:00.099,-0.0833890413048254
H1,2024-01-01 00:00:00.100,-0.0809976616395947
H1,2024-01-01 00:00:00.101,-0.0782123045128478
H1,2024-01-01 00:00:00.102,-0.075688900422907
H1,2024-01-01 00:00:00.103,-0.0735726143002195
H1,2024-01-01 00:00:00.104,-0.0721964121292782
H1,2024-01-01 00:00:00.105,-0.0706940220053782
H1,2024-01-01 00:00:00.106,-0.068828355900732
H1,2024-01-01 00:00:00.107,-0.0676891826476544
H1,2024-01-01 00:00:00.108,-0.0660826668013442
H1,2024-01-01 00:00:00.109,-0.0650451898629517
H1,2024-01-01 00:00:00.110,-0.0644554615846299
H1,2024-01-01 00:00:00.111,-0.0641368747499823
H1,2024-01-01 00:00:00.112,-0.0641854293888608
H1,2024-01-01 00:00:00.113,-0.0648267880493492
H1,2024-01-01 00:00:00.114,-0.0658254335743282
H1,2024-01-01 00:00:00.115,-0.0664173693866796
H1,2024-01-01 00:00:00.116,-0.0670250468333893
H1,2024-01-01 00:00:00.117,-0.0680831779123598
H1,2024-01-01 00:00:00.118,-0.0688774728490246
H1,2024-01-01 00:00:00.119,-0.068977320218362
H1,2024-01-01 00:00:00.120,-0.0689930328762001
H1,2024-01-01 00:00:00.121,-0.0686160005906195
H1,2024-01-01 00:00:00.122,-0.0685709943288248
H1,2024-01-01 00:00:00.123,-0.0688344118011667
H1,2024-01-01 00:00:00.124,-0.0694245333282809
H1,2024-01-01 00:00:00.125,-0.0692706300862407
H1,2024-01-01 00:00:00.126,-0.0689645784490806
H1,2024-01-01 00:00:00.127,-0.0679196734798045
H1,2024-01-01 00:00:00.128,-0.0665132538085638
H1,2024-01-01 00:00:00.129,-0.0648072923690917
H1,2024-01-01 00:00:00.130,-0.0622812831802813
H1,2024-01-01 00:00:00.131,-0.0613349672841309
H1,2024-01-01 00:00:00.132,-0.0608300804622984
H1,2024-01-01 00:00:00.133,-0.0601227007135392
H1,2024-01-01 00:00:00.134,-0.0591930332762288
H1,2024-01-01 00:00:00.135,-0.0585834975806278
H1,2024-01-01 00:00:00.136,-0.0580204205335939
H1,2024-01-01 00:00:00.137,-0.0575956804984912
H1,2024-01-01 00:00:00.138,-0.0566945748674876
H1,2024-01-01 00:00:00.139,-0.0561230247741558
H1,2024-01-01 00:00:00.140,-0.0558379481959932
H1,2024-01-01 00:00:00.141,-0.0561293359378645
H1,2024-01-01 00:00:00.142,-0.0574341854031542
H1,2024-01-01 00:00:00.143,-0.0588799398437101
H1,2024-01-01 00:00:00.144,-0.0602130295026217
H1,2024-01-01 00:00:00.145,-0.061906118829727
H1,2024-01-01 00:00:00.146,-0.0639272574335332
H1,2024-01-01 00:00:00.147,-0.0670902551584679
H1,2024-01-01 00:00:00.148,-0.0708937432461639
H1,2024-01-01 00:00:00.149,-0.0747463177521857
H1,2024-01-01 00:00:00.150,-0.0780873511604253
H1,2024-01-01 00:00:00.151,-0.0806423996879945
H1,2024-01-01 00:00:00.152,-0.0840148346014033
H1,2024-01-01 00:00:00.153,-0.0879979383259198
H1,2024-01-01 00:00:00.154,-0.0919970837745802
H1,2024-01-01 00:00:00.155,-0.0969358796314485
H1,2024-01-01 00:00:00.156,-0.102116694569994
H1,2024-01-01 00:00:00.157,-0.106630624288683
H1,2024-01-01 00:00:00.158,-0.110588079874824
H1,2024-01-01 00:00:00.159,-0.114157139814244
H1,2024-01-01 00:00:00.160,-0.119098715393843
H1,2024-01-01 00:00:00.161,-0.122974370713082
H1,2024-01-01 00:00:00.162,-0.127630777542356
H1,2024-01-01 00:00:00.163,-0.132379634785114
H1,2024-01-01 00:00:00.164,-0.13621772186564
H1,2024-01-01 00:00:00.165,-0.139695744408446
H1,2024-01-01 00:00:00.166,-0.143080217202599
H1,2024-01-01 00:00:00.167,-0.147210113839836
H1,2024-01-01 00:00:00.168,-0.151045800815353
H1,2024-01-01 00:00:00.169,-0.153944246989897
H1,2024-01-01 00:00:00.170,-0.156524317414343
H1,2024-01-01 00:00:00.171,-0.15984314111533
H1,2024-01-01 00:00:00.172,-0.163430322330361
H1,2024-01-01 00:00:00.173,-0.167009028806334
H1,2024-01-01 00:00:00.174,-0.170116940538576
H1,2024-01-01 00:00:00.175,-0.173950514382506
H1,2024-01-01 00:00:00.176,-0.177400324968976
H1,2024-01-01 00:00:00.177,-0.180171487833127
H1,2024-01-01 00:00:00.178,-0.182454816452132
H1,2024-01-01 00:00:00.179,-0.184588487254653
H1,2024-01-01 00:00:00.180,-0.186691280837412
H1,2024-01-01 00:00:00.181,-0.1892464493904
H1,2024-01-01 00:00:00.182,-0.192530858794783
H1,2024-01-01 00:00:00.183,-0.195430900375872
H1,2024-01-01 00:00:00.184,-0.197675356000095
H1,2024-01-01 00:00:00.185,-0.19987628873216
H1,2024-01-01 00:00:00.186,-0.202223558487963
H1,2024-01-01 00:00:00.187,-0.204130381732007
H1,2024-01-01 00:00:00.188,-0.205595058173088
H1,2024-01-01 00:00:00.189,-0.207489171357379
H1,2024-01-01 00:00:00.190,-0.20977018266533
H1,2024-01-01 00:00:00.191,-0.211748361866732
H1,2024-01-01 00:00:00.192,-0.213939461544849
H1,2024-01-01 00:00:00.193,-0.215838600514725
H1,2024-01-01 00:00:00.194,-0.218031174029234
H1,2024-01-01 00:00:00.195,-0.22032741091162
H1,2024-01-01 00:00:00.196,-0.222827904552531
H1,2024-01-01 00:00:00.197,-0.225202525019897
H1,2024-01-01 00:00:00.198,-0.227206027261756
H1,2024-01-01 00:00:00.199,-0.229628624094199
H1,2024-01-01 00:00:00.200,-0.232203607569143
H1,2024-01-01 00:00:00.201,-0.233702701484018
H1,2024-01-01 00:00:00.202,-0.234702916572607
H1,2024-01-01 00:00:00.203,-0.235708786712023
H1,2024-01-01 00:00:00.204,-0.236737939619261
H1,2024-01-01 00:00:00.205,-0.237418769065088
H1,2024-01-01 00:00:00.206,-0.237150191118207
H1,2024-01-01 00:00:00.207,-0.236916709313134
H1,2024-01-01 00:00:00.208,-0.236953475994994
H1,2024-01-01 00:00:00.209,-0.237078480323884
H1,2024-01-01 00:00:00.210,-0.236758978188949
H1,2024-01-01 00:00:00.211,-0.235909021389192
H1,2024-01-01 00:00:00.212,-0.234839860999401
H1,2024-01-01 00:00:00.213,-0.233373808042093
H1,2024-01-01 00:00:00.214,-0.232266588164481
H1,2024-01-01 00:00:00.215,-0.230517594036964
H1,2024-01-01 00:00:00.216,-0.227883475292108
H1,2024-01-01 00:00:00.217,-0.224517179139307
H1,2024-01-01 00:00:00.218,-0.219794258069864
H1,2024-01-01 00:00:00.219,-0.214956722059694
H1,2024-01-01 00:00:00.220,-0.210729856081904
H1,2024-01-01 00:00:00.221,-0.207126742861613
H1,2024-01-01 00:00:00.222,-0.203609666131531
H1,2024-01-01 00:00:00.223,-0.199468534950374
H1,2024-01-01 00:00:00.224,-0.195259320856269
H1,2024-01-01 00:00:00.225,-0.191279476425837
H1,2024-01-01 00:00:00.226,-0.187123127603231
H1,2024-01-01 00:00:00.227,-0.182771199832588
H1,2024-01-01 00:00:00.228,-0.178440347806173
H1,2024-01-01 00:00:00.229,-0.174394073501988
H1,2024-01-01 00:00:00.230,-0.16985918247453
H1,2024-01-01 00:00:00.231,-0.165209242821033
H1,2024-01-01 00:00:00.232,-0.160210926271651
H1,2024-01-01 00:00:00.233,-0.15435657951132
H1,2024-01-01 00:00:00.234,-0.149495356449689
H1,2024-01-01 00:00:00.235,-0.144603018195344
H1,2024-01-01 00:00:00.236,-0.140245066065379
H1,2024-01-01 00:00:00.237,-0.135404518164018
H1,2024-01-01 00:00:00.238,-0.130460968803885
H1,2024-01-01 00:00:00.239,-0.126547185465302
H1,2024-01-01 00:00:00.240,-0.122891230815876
H1,2024-01-01 00:00:00.241,-0.118649547071269
H1,2024-01-01 00:00:00.242,-0.113905281389976
H1,2024-01-01 00:00:00.243,-0.109270584449866
H1,2024-01-01 00:00:00.244,-0.105032530269616
H1,2024-01-01 00:00:00.245,-0.100861228447887
H1,2024-01-01 00:00:00.246,-0.0968119976052344
H1,2024-01-01 00:00:00.247,-0.0926694581667572
H1,2024-01-01 00:00:00.248,-0.0892243768957979
H1,2024-01-01 00:00:00.249,-0.0859651489310915
H1,2024-01-01 00:00:00.250,-0.081993464739413
H1,2024-01-01 00:00:00.251,-0.0776960807300162
H1,2024-01-01 00:00:00.252,-0.0726406172276917
H1,2024-01-01 00:00:00.253,-0.0676865681518699
H1,2024-01-01 00:00:00.254,-0.0630574413681497
H1,2024-01-01 00:00:00.255,-0.0584943081472443
H1,2024-01-01 00:00:00.256,-0.0538655977358671
H1,2024-01-01 00:00:00.257,-0.0494181554984422
H1,2024-01-01 00:00:00.258,-0.0451820308987729
H1,2024-01-01 00:00:00.259,-0.0407979754256736
H1,2024-01-01 00:00:00.260,-0.0360381285298004
H1,2024-01-01 00:00:00.261,-0.0321223272194058
H1,2024-01-01 00:00:00.262,-0.0273729372441135
H1,2024-01-01 00:00:00.263,-0.0226670502249716
H1,2024-01-01 00:00:00.264,-0.0184121296441062
H1,2024-01-01 00:00:00.265,-0.0141496231857779
H1,2024-01-01 00:00:00.266,-0.0107397084987897
H1,2024-01-01 00:00:00.267,-0.00780233252344523
H1,2024-01-01 00:00:00.268,-0.0051423740572224
H1,2024-01-01 00:00:00.269,-0.00162541470168008
H1,2024-01-01 00:00:00.270,0.00160431633284985
H1,2024-01-01 00:00:00.271,0.00456773851982359
H1,2024-01-01 00:00:00.272,0.00704370165187925
H1,2024-01-01 00:00:00.273,0.00845048661472101
H1,2024-01-01 00:00:00.274,0.00913478819074603
H1,2024-01-01 00:00:00.275,0.0097114600576033
H1,2024-01-01 00:00:00.276,0.00981615792910609
H1,2024-01-01 00:00:00.277,0.0101155905500425
H1,2024-01-01 00:00:00.278,0.0108020853195341
H1,2024-01-01 00:00:00.279,0.0111068234044114
H1,2024-01-01 00:00:00.280,0.0113409914637092
H1,2024-01-01 00:00:00.281,0.0114883032975851
H1,2024-01-01 00:00:00.282,0.0119623143104011
H1,2024-01-01 00:00:00.283,0.0123821700703793
H1,2024-01-01 00:00:00.284,0.0132412382715945
H1,2024-01-01 00:00:00.285,0.0136479943464123
H1,2024-01-01 00:00:00.286,0.0133306317038152
H1,2024-01-01 00:00:00.287,0.0125062058892334
H1,2024-01-01 00:00:00.288,0.0107866034229184
H1,2024-01-01 00:00:00.289,0.00964988619368887
H1,2024-01-01 00:00:00.290,0.00834165460523758
H1,2024-01-01 00:00:00.291,0.00700530805821431
H1,2024-01-01 00:00:00.292,0.006190340748241
H1,2024-01-01 00:00:00.293,0.00524044523096547
H1,2024-01-01 00:00:00.294,0.0040387063814235
H1,2024-01-01 00:00:00.295,0.00349047738699549
H1,2024-01-01 00:00:00.296,0.00327906319045236
H1,2024-01-01 00:00:00.297,0.00278527775325962
H1,2024-01-01 00:00:00.298,0.00145238095328886
H1,2024-01-01 00:00:00.299,0.000381236984007452
H1,2024-01-01 00:00:00.300,-5.46707915642264e-05
H1,2024-01-01 00:00:00.301,-8.96947149586483e-05
H1,2024-01-01 00:00:00.302,-0.000280052233534759
H1,2024-01-01 00:00:00.303,-0.00127887617348122
H1,2024-01-01 00:00:00.304,-0.00254680721743663
H1,2024-01-01 00:00:00.305,-0.0047864876174122
H1,2024-01-01 00:00:00.306,-0.00709329854278731
H1,2024-01-01 00:00:00.307,-0.00897042720038713
H1,2024-01-01 00:00:00.308,-0.0102851901795876
H1,2024-01-01 00:00:00.309,-0.0108191088633493
H1,2024-01-01 00:00:00.310,-0.0116672092479107
H1,2024-01-01 00:00:00.311,-0.01245327871752
H1,2024-01-01 00:00:00.312,-0.0134443411170329
H1,2024-01-01 00:00:00.313,-0.014318727803398
H1,2024-01-01 00:00:00.314,-0.0145815497313306
H1,2024-01-01 00:00:00.315,-0.0145680020863939
H1,2024-01-01 00:00:00.316,-0.014886917190431
H1,2024-01-01 00:00:00.317,-0.0151052994848309
H1,2024-01-01 00:00:00.318,-0.0149158309773649
H1,2024-01-01 00:00:00.319,-0.0151755309590179
H1,2024-01-01 00:00:00.320,-0.0156470146278698
H1,2024-01-01 00:00:00.321,-0.0160458950643241
H1,2024-01-01 00:00:00.322,-0.016547628163923
H1,2024-01-01 00:00:00.323,-0.0171167202501366
H1,2024-01-01 00:00:00.324,-0.0183003250951327
H1,2024-01-01 00:00:00.325,-0.0204192966368268
H1,2024-01-01 00:00:00.326,-0.0223160037424301
H1,2024-01-01 00:00:00.327,-0.0242483802754787
H1,2024-01-01 00:00:00.328,-0.0260942224487346
H1,2024-01-01 00:00:00.329,-0.0274380225880835
H1,2024-01-01 00:00:00.330,-0.0284603718497749
H1,2024-01-01 00:00:00.331,-0.0286442428939824
H1,2024-01-01 00:00:00.332,-0.0290500449410556
H1,2024-01-01 00:00:00.333,-0.0288393901654411
H1,2024-01-01 00:00:00.334,-0.0280088942993663
H1,2024-01-01 00:00:00.335,-0.0268908935906875
H1,2024-01-01 00:00:00.336,-0.0250877146909999
H1,2024-01-01 00:00:00.337,-0.0231566266812589
H1,2024-01-01 00:00:00.338,-0.0214804138807821
H1,2024-01-01 00:00:00.339,-0.0208463301555263
H1,2024-01-01 00:00:00.340,-0.0204129690494891
H1,2024-01-01 00:00:00.341,-0.0198624384133239
H1,2024-01-01 00:00:00.342,-0.0188109700600783
H1,2024-01-01 00:00:00.343,-0.0171870957104106
H1,2024-01-01 00:00:00.344,-0.0151777259517501
H1,2024-01-01 00:00:00.345,-0.0135891297750256
H1,2024-01-01 00:00:00.346,-0.0122544056266256
H1,2024-01-01 00:00:00.347,-0.0110950299095612
H1,2024-01-01 00:00:00.348,-0.00998915015058862
H1,2024-01-01 00:00:00.349,-0.00854115061931788
H1,2024-01-01 00:00:00.350,-0.00732102471153023
H1,2024-01-01 00:00:00.351,-0.00640698011312212
H1,2024-01-01 00:00:00.352,-0.00622775561609554
H1,2024-01-01 00:00:00.353,-0.00585428401052813
H1,2024-01-01 00:00:00.354,-0.00586131711850707
H1,2024-01-01 00:00:00.355,-0.00542073092072473
H1,2024-01-01 00:00:00.356,-0.00455043489339855
H1,2024-01-01 00:00:00.357,-0.00284612459455476
H1,2024-01-01 00:00:00.358,-0.000305435336295421
H1,2024-01-01 00:00:00.359,0.00157925664834259
H1,2024-01-01 00:00:00.360,0.0037810234830597
H1,2024-01-01 00:00:00.361,0.00559744951363667
H1,2024-01-01 00:00:00.362,0.00758452485647723
H1,2024-01-01 00:00:00.363,0.00899175105367832
H1,2024-01-01 00:00:00.364,0.0107650589979442
H1,2024-01-01 00:00:00.365,0.0124421184674266
H1,2024-01-01 00:00:00.366,0.0140813805914799
H1,2024-01-01 00:00:00.367,0.0161021179740403
H1,2024-01-01 00:00:00.368,0.018816021532949
H1,2024-01-01 00:00:00.369,0.0217853078583452
H1,2024-01-01 00:00:00.370,0.0242249373234008
H1,2024-01-01 00:00:00.371,0.0256218713211054
H1,2024-01-01 00:00:00.372,0.0272162302086209
H1,2024-01-01 00:00:00.373,0.0295451448217157
H1,2024-01-01 00:00:00.374,0.0328418146910329
H1,2024-01-01 00:00:00.375,0.0362976128147609
H1,2024-01-01 00:00:00.376,0.0403175561292594
H1,2024-01-01 00:00:00.377,0.0433494346905014
H1,2024-01-01 00:00:00.378,0.0462661973784825
H1,2024-01-01 00:00:00.379,0.0492101884943431
H1,2024-01-01 00:00:00.380,0.051095522703292
H1,2024-01-01 00:00:00.381,0.052085252399686
H1,2024-01-01 00:00:00.382,0.0535524822219962
H1,2024-01-01 00:00:00.383,0.0553914933383099
H1,2024-01-01 00:00:00.384,0.0566703144819932
H1,2024-01-01 00:00:00.385,0.0586657442289461
H1,2024-01-01 00:00:00.386,0.0600932991370325
H1,2024-01-01 00:00:00.387,0.0612703798341341
H1,2024-01-01 00:00:00.388,0.0613536593961915
H1,2024-01-01 00:00:00.389,0.0626857535944055
H1,2024-01-01 00:00:00.390,0.0642593051387922
H1,2024-01-01 00:00:00.391,0.0653966175104638
H1,2024-01-01 00:00:00.392,0.0665170142770929
H1,2024-01-01 00:00:00.393,0.0677484878414668
H1,2024-01-01 00:00:00.394,0.0697643418955518
H1,2024-01-01 00:00:00.395,0.0730122393337177
H1,2024-01-01 00:00:00.396,0.0764778560620683
H1,2024-01-01 00:00:00.397,0.079898642139823
H1,2024-01-01 00:00:00.398,0.0822303641746874
H1,2024-01-01 00:00:00.399,0.0837649398698217
H1,2024-01-01 00:00:00.400,0.0848102466103655
H1,2024-01-01 00:00:00.401,0.0854996033759567
H1,2024-01-01 00:00:00.402,0.0860744888458309
H1,2024-01-01 00:00:00.403,0.0861266938849066
H1,2024-01-01 00:00:00.404,0.0860770419782268
H1,2024-01-01 00:00:00.405,0.0849067585687621
H1,2024-01-01 00:00:00.406,0.0835475906997495
H1,2024-01-01 00:00:00.407,0.0823580142449347
H1,2024-01-01 00:00:00.408,0.0817426484186469
H1,2024-01-01 00:00:00.409,0.0815231644033106
H1,2024-01-01 00:00:00.410,0.0814904607891805
H1,2024-01-01 00:00:00.411,0.0823184086200487
H1,2024-01-01 00:00:00.412,0.0828700710752969
H1,2024-01-01 00:00:00.413,0.0833528296034511
H1,2024-01-01 00:00:00.414,0.0840559267012396
H1,2024-01-01 00:00:00.415,0.0853921795246868
H1,2024-01-01 00:00:00.416,0.0868556765110456
H1,2024-01-01 00:00:00.417,0.0884601089347486
H1,2024-01-01 00:00:00.418,0.0896802212961859
H1,2024-01-01 00:00:00.419,0.090780668906776
H1,2024-01-01 00:00:00.420,0.092367476624978
H1,2024-01-01 00:00:00.421,0.0936125956442042
H1,2024-01-01 00:00:00.422,0.0950777522474261
H1,2024-01-01 00:00:00.423,0.0963950084401402
H1,2024-01-01 00:00:00.424,0.0976935088375944
H1,2024-01-01 00:00:00.425,0.0985537600683776
H1,2024-01-01 00:00:00.426,0.0994956259555641
H1,2024-01-01 00:00:00.427,0.0999461338945167
H1,2024-01-01 00:00:00.428,0.10035196858339
H1,2024-01-01 00:00:00.429,0.100241411867899
H1,2024-01-01 00:00:00.430,0.099607141429017
H1,2024-01-01 00:00:00.431,0.0992162109464011
H1,2024-01-01 00:00:00.432,0.0987012256629016
H1,2024-01-01 00:00:00.433,0.0991233288862507
H1,2024-01-01 00:00:00.434,0.100218276950998
H1,2024-01-01 00:00:00.435,0.100928904321667
H1,2024-01-01 00:00:00.436,0.101973235843182
H1,2024-01-01 00:00:00.437,0.102704109153107
H1,2024-01-01 00:00:00.438,0.103090578453983
H1,2024-01-01 00:00:00.439,0.103174995724957
H1,2024-01-01 00:00:00.440,0.10330791438942
H1,2024-01-01 00:00:00.441,0.10322134630756
H1,2024-01-01 00:00:00.442,0.102782247487449
H1,2024-01-01 00:00:00.443,0.101090191214329
H1,2024-01-01 00:00:00.444,0.0993376474454636
H1,2024-01-01 00:00:00.445,0.0970240545712503
H1,2024-01-01 00:00:00.446,0.094023623439562
H1,2024-01-01 00:00:00.447,0.0918500946174304
H1,2024-01-01 00:00:00.448,0.0898885245013618
H1,2024-01-01 00:00:00.449,0.0880603228886076
H1,2024-01-01 00:00:00.450,0.0871415151907791
H1,2024-01-01 00:00:00.451,0.086628455167069
H1,2024-01-01 00:00:00.452,0.0857017011387513
H1,2024-01-01 00:00:00.453,0.0841947787933651
H1,2024-01-01 00:00:00.454,0.0834638447459224
H1,2024-01-01 00:00:00.455,0.0824694701857416
H1,2024-01-01 00:00:00.456,0.0820380425651787
H1,2024-01-01 00:00:00.457,0.0809154601629916
H1,2024-01-01 00:00:00.458,0.0810478784568193
H1,2024-01-01 00:00:00.459,0.0810046699961544
H1,2024-01-01 00:00:00.460,0.0796625237866151
H1,2024-01-01 00:00:00.461,0.0781305465665781
H1,2024-01-01 00:00:00.462,0.0761892374765224
H1,2024-01-01 00:00:00.463,0.0742423236164482
H1,2024-01-01 00:00:00.464,0.0721396473793993
H1,2024-01-01 00:00:00.465,0.0699496543374848
H1,2024-01-01 00:00:00.466,0.0673389875907655
H1,2024-01-01 00:00:00.467,0.0647551115543138
H1,2024-01-01 00:00:00.468,0.063029103412679
H1,2024-01-01 00:00:00.469,0.0615240400558184
H1,2024-01-01 00:00:00.470,0.059877797689434
H1,2024-01-01 00:00:00.471,0.0582084256892991
H1,2024-01-01 00:00:00.472,0.0564263280823337
H1,2024-01-01 00:00:00.473,0.0539226668258182
H1,2024-01-01 00:00:00.474,0.0516702118234748
H1,2024-01-01 00:00:00.475,0.0496868101608844
H1,2024-01-01 00:00:00.476,0.0470283477655486
H1,2024-01-01 00:00:00.477,0.0442336408810227
H1,2024-01-01 00:00:00.478,0.0413099975195031
H1,2024-01-01 00:00:00.479,0.0385322300829335
H1,2024-01-01 00:00:00.480,0.0358362822844308
H1,2024-01-01 00:00:00.481,0.0324300466456431
H1,2024-01-01 00:00:00.482,0.0286135073918786
H1,2024-01-01 00:00:00.483,0.0250812191573924
H1,2024-01-01 00:00:00.484,0.0213268535606646
H1,2024-01-01 00:00:00.485,0.017707628284665
H1,2024-01-01 00:00:00.486,0.0145519523177941
H1,2024-01-01 00:00:00.487,0.0121383116777709
H1,2024-01-01 00:00:00.488,0.0102450644127172
H1,2024-01-01 00:00:00.489,0.00878747734759903
H1,2024-01-01 00:00:00.490,0.00679225677471419
H1,2024-01-01 00:00:00.491,0.00536367143660666
H1,2024-01-01 00:00:00.492,0.00515612365528021
H1,2024-01-01 00:00:00.493,0.00463802882893125
H1,2024-01-01 00:00:00.494,0.00413198069930382
H1,2024-01-01 00:00:00.495,0.00507228377392284
H1,2024-01-01 00:00:00.496,0.00499380114652712
H1,2024-01-01 00:00:00.497,0.00416243851045942
H1,2024-01-01 00:00:00.498,0.00333108356419593
H1,2024-01-01 00:00:00.499,0.00339798490313054
H1,2024-01-01 00:00:00.500,0.00352599107563939
H1,2024-01-01 00:00:00.501,0.00360887247437752
H1,2024-01-01 00:00:00.502,0.00420529356372069
H1,2024-01-01 00:00:00.503,0.00420015171944576
H1,2024-01-01 00:00:00.504,0.00316640582712182
H1,2024-01-01 00:00:00.505,0.00250997365760717
H1,2024-01-01 00:00:00.506,0.00111578432799278
H1,2024-01-01 00:00:00.507,-0.000428759305660333
H1,2024-01-01 00:00:00.508,-0.00168401611087779
H1,2024-01-01 00:00:00.509,-0.00214180614825728
H1,2024-01-01 00:00:00.510,-0.00256630403119908
H1,2024-01-01 00:00:00.511,-0.00289905948233383
H1,2024-01-01 00:00:00.512,-0.00266512099025338
H1,2024-01-01 00:00:00.513,-0.00172522165907429
H1,2024-01-01 00:00:00.514,-0.00150699836440312
H1,2024-01-01 00:00:00.515,-0.000782701548718379
H1,2024-01-01 00:00:00.516,0.000317443956347683
H1,2024-01-01 00:00:00.517,0.00126990239757098
H1,2024-01-01 00:00:00.518,0.0019620672838667
H1,2024-01-01 00:00:00.519,0.00230413070168378
H1,2024-01-01 00:00:00.520,0.00258786555944721
H1,2024-01-01 00:00:00.521,0.00330841691577273
H1,2024-01-01 00:00:00.522,0.00396120499914685
H1,2024-01-01 00:00:00.523,0.0049654014213677
H1,2024-01-01 00:00:00.524,0.00564915632566497
H1,2024-01-01 00:00:00.525,0.00629537926479696
H1,2024-01-01 00:00:00.526,0.00615188028094629
H1,2024-01-01 00:00:00.527,0.00679383592108975
H1,2024-01-01 00:00:00.528,0.00643205414165036
H1,2024-01-01 00:00:00.529,0.00613777741282071
H1,2024-01-01 00:00:00.530,0.00732409636222005
H1,2024-01-01 00:00:00.531,0.00880089932079776
H1,2024-01-01 00:00:00.532,0.0106922948078209
H1,2024-01-01 00:00:00.533,0.0127947534936262
H1,2024-01-01 00:00:00.534,0.0145229368864468
H1,2024-01-01 00:00:00.535,0.0154802000710833
H1,2024-01-01 00:00:00.536,0.0168190984226621
H1,2024-01-01 00:00:00.537,0.01743739570929
H1,2024-01-01 00:00:00.538,0.0178021627490881
H1,2024-01-01 00:00:00.539,0.0183728038595233
H1,2024-01-01 00:00:00.540,0.0191950135257934
H1,2024-01-01 00:00:00.541,0.0201010956905654
H1,2024-01-01 00:00:00.542,0.0216076157621987
H1,2024-01-01 00:00:00.543,0.0233123040985694
H1,2024-01-01 00:00:00.544,0.0249121620475248
H1,2024-01-01 00:00:00.545,0.0274612244129314
H1,2024-01-01 00:00:00.546,0.0301235900089902
H1,2024-01-01 00:00:00.547,0.0330435616620604
H1,2024-01-01 00:00:00.548,0.0352172260505072
H1,2024-01-01 00:00:00.549,0.0374342800789201
H1,2024-01-01 00:00:00.550,0.0404446086439695
H1,2024-01-01 00:00:00.551,0.0431379219179707
H1,2024-01-01 00:00:00.552,0.0457615214121749
H1,2024-01-01 00:00:00.553,0.0481044602929429
H1,2024-01-01 00:00:00.554,0.0503959333179458
H1,2024-01-01 00:00:00.555,0.0525549483674408
H1,2024-01-01 00:00:00.556,0.0538678631462115
H1,2024-01-01 00:00:00.557,0.0545482120719064
H1,2024-01-01 00:00:00.558,0.0549075187551055
H1,2024-01-01 00:00:00.559,0.0547918915208305
H1,2024-01-01 00:00:00.560,0.0543740969139325
H1,2024-01-01 00:00:00.561,0.0542269322297384
H1,2024-01-01 00:00:00.562,0.0540563734794535
H1,2024-01-01 00:00:00.563,0.0546976939498335
H1,2024-01-01 00:00:00.564,0.0555993035360436
H1,2024-01-01 00:00:00.565,0.055222705802554
H1,2024-01-01 00:00:00.566,0.0555963076176625
H1,2024-01-01 00:00:00.567,0.0568772087882593
H1,2024-01-01 00:00:00.568,0.0580963302601032
H1,2024-01-01 00:00:00.569,0.0594422272875147
H1,2024-01-01 00:00:00.570,0.0605906253862541
H1,2024-01-01 00:00:00.571,0.0616545330327257
H1,2024-01-01 00:00:00.572,0.0618060376425958
H1,2024-01-01 00:00:00.573,0.0612256007770255
H1,2024-01-01 00:00:00.574,0.0609283029181098
H1,2024-01-01 00:00:00.575,0.0604559463881165
H1,2024-01-01 00:00:00.576,0.0607152675091699
H1,2024-01-01 00:00:00.577,0.0614400631499093
H1,2024-01-01 00:00:00.578,0.0615210581838163
H1,2024-01-01 00:00:00.579,0.0613621143355817
H1,2024-01-01 00:00:00.580,0.0615074009649139
H1,2024-01-01 00:00:00.581,0.0619893541645981
H1,2024-01-01 00:00:00.582,0.0618021966313982
H1,2024-01-01 00:00:00.583,0.0615346166806959
H1,2024-01-01 00:00:00.584,0.0615463926749437
H1,2024-01-01 00:00:00.585,0.0618728102565356
H1,2024-01-01 00:00:00.586,0.0619182267535014
H1,2024-01-01 00:00:00.587,0.0621632908428551
H1,2024-01-01 00:00:00.588,0.061581195568116
H1,2024-01-01 00:00:00.589,0.0613990358380105
H1,2024-01-01 00:00:00.590,0.0616659631611041
H1,2024-01-01 00:00:00.591,0.0614460404542344
H1,2024-01-01 00:00:00.592,0.0608073540409006
H1,2024-01-01 00:00:00.593,0.0599253506082918
H1,2024-01-01 00:00:00.594,0.0595899959762515
H1,2024-01-01 00:00:00.595,0.058797248013562
H1,2024-01-01 00:00:00.596,0.0585144776849729
H1,2024-01-01 00:00:00.597,0.0582179108468044
H1,2024-01-01 00:00:00.598,0.0586213831618128
H1,2024-01-01 00:00:00.599,0.0577833283586335
H1,2024-01-01 00:00:00.600,0.0564301730440289
H1,2024-01-01 00:00:00.601,0.0550071257006517
H1,2024-01-01 00:00:00.602,0.0532524764561258
H1,2024-01-01 00:00:00.603,0.0508362366811407
H1,2024-01-01 00:00:00.604,0.0486320826360594
H1,2024-01-01 00:00:00.605,0.0467411621935403
H1,2024-01-01 00:00:00.606,0.0445182517875401
H1,2024-01-01 00:00:00.607,0.0428670223131324
H1,2024-01-01 00:00:00.608,0.0411641441865097
H1,2024-01-01 00:00:00.609,0.0393163509330802
H1,2024-01-01 00:00:00.610,0.0374878067245274
H1,2024-01-01 00:00:00.611,0.0359674303297459
H1,2024-01-01 00:00:00.612,0.0343052976018059
H1,2024-01-01 00:00:00.613,0.0332887911736158
H1,2024-01-01 00:00:00.614,0.0331929779066147
H1,2024-01-01 00:00:00.615,0.0321117370881493
H1,2024-01-01 00:00:00.616,0.0315168827677518
H1,2024-01-01 00:00:00.617,0.0308524377371894
H1,2024-01-01 00:00:00.618,0.0306300318714225
H1,2024-01-01 00:00:00.619,0.0305740294870139
H1,2024-01-01 00:00:00.620,0.0295187659841345
H1,2024-01-01 00:00:00.621,0.0288584987607517
H1,2024-01-01 00:00:00.622,0.0286407771695888
H1,2024-01-01 00:00:00.623,0.0288978825793531
H1,2024-01-01 00:00:00.624,0.0287653399044502
H1,2024-01-01 00:00:00.625,0.0286273078323776
H1,2024-01-01 00:00:00.626,0.0290619269165976
H1,2024-01-01 00:00:00.627,0.0287245425780509
H1,2024-01-01 00:00:00.628,0.0285270595538572
H1,2024-01-01 00:00:00.629,0.0285228374043398
H1,2024-01-01 00:00:00.630,0.0285009764625621
H1,2024-01-01 00:00:00.631,0.0285147767280026
H1,2024-01-01 00:00:00.632,0.0275727348540786
H1,2024-01-01 00:00:00.633,0.0258184305232636
H1,2024-01-01 00:00:00.634,0.0238547878850938
H1,2024-01-01 00:00:00.635,0.0219405870561961
H1,2024-01-01 00:00:00.636,0.0197934542760834
H1,2024-01-01 00:00:00.637,0.0178280354552854
H1,2024-01-01 00:00:00.638,0.0151836044046777
H1,2024-01-01 00:00:00.639,0.0119866628339334
H1,2024-01-01 00:00:00.640,0.00953059000505208
H1,2024-01-01 00:00:00.641,0.0080418409274929
H1,2024-01-01 00:00:00.642,0.00685222162859626
H1,2024-01-01 00:00:00.643,0.00649367241818235
H1,2024-01-01 00:00:00.644,0.00616605614713385
H1,2024-01-01 00:00:00.645,0.00574344122914834
H1,2024-01-01 00:00:00.646,0.0044123588147072
H1,2024-01-01 00:00:00.647,0.00269069261306006
H1,2024-01-01 00:00:00.648,0.00102782413771132
H1,2024-01-01 00:00:00.649,-0.00100395615222282
H1,2024-01-01 00:00:00.650,-0.00289751612167331
H1,2024-01-01 00:00:00.651,-0.00496132388113083
H1,2024-01-01 00:00:00.652,-0.0069902892075511
H1,2024-01-01 00:00:00.653,-0.00805977080704805
H1,2024-01-01 00:00:00.654,-0.00891388570390488
H1,2024-01-01 00:00:00.655,-0.00935117197758634
H1,2024-01-01 00:00:00.656,-0.00976102853484726
H1,2024-01-01 00:00:00.657,-0.0106056963618596
H1,2024-01-01 00:00:00.658,-0.0112582518674767
H1,2024-01-01 00:00:00.659,-0.0125908742705057
H1,2024-01-01 00:00:00.660,-0.0139102632768959
H1,2024-01-01 00:00:00.661,-0.0142890750724583
H1,2024-01-01 00:00:00.662,-0.0143487956347402
H1,2024-01-01 00:00:00.663,-0.0141588403975885
H1,2024-01-01 00:00:00.664,-0.0142815901987614
H1,2024-01-01 00:00:00.665,-0.0141702343349632
H1,2024-01-01 00:00:00.666,-0.0142541450282763
H1,2024-01-01 00:00:00.667,-0.0142275537124651
H1,2024-01-01 00:00:00.668,-0.0148469321054182
H1,2024-01-01 00:00:00.669,-0.0150045419311194
H1,2024-01-01 00:00:00.670,-0.0148023370537178
H1,2024-01-01 00:00:00.671,-0.0144658583648972
H1,2024-01-01 00:00:00.672,-0.0138735017242296
H1,2024-01-01 00:00:00.673,-0.0125004130387016
H1,2024-01-01 00:00:00.674,-0.0114378613838638
H1,2024-01-01 00:00:00.675,-0.00989231912524463
H1,2024-01-01 00:00:00.676,-0.00854236606362272
H1,2024-01-01 00:00:00.677,-0.00632401165680394
H1,2024-01-01 00:00:00.678,-0.00385777037936684
H1,2024-01-01 00:00:00.679,-0.00151392911607307
H1,2024-01-01 00:00:00.680,0.000788418668923364
H1,2024-01-01 00:00:00.681,0.00307993845703873
H1,2024-01-01 00:00:00.682,0.00508264225389336
H1,2024-01-01 00:00:00.683,0.00673072609718518
H1,2024-01-01 00:00:00.684,0.00692299233626642
H1,2024-01-01 00:00:00.685,0.00693650694595196
H1,2024-01-01 00:00:00.686,0.00727735627349769
H1,2024-01-01 00:00:00.687,0.0071565317179434
H1,2024-01-01 00:00:00.688,0.00678304004400568
H1,2024-01-01 00:00:00.689,0.00569705495034533
H1,2024-01-01 00:00:00.690,0.00539273742007422
H1,2024-01-01 00:00:00.691,0.00465981585883197
H1,2024-01-01 00:00:00.692,0.00394171128634067
H1,2024-01-01 00:00:00.693,0.00305755066185023
H1,2024-01-01 00:00:00.694,0.00252488133800351
H1,2024-01-01 00:00:00.695,0.00155064030441301
H1,2024-01-01 00:00:00.696,0.000336820375415723
H1,2024-01-01 00:00:00.697,-5.37800151428066e-05
H1,2024-01-01 00:00:00.698,-0.000801991185689562
H1,2024-01-01 00:00:00.699,-0.00131594798231664
H1,2024-01-01 00:00:00.700,-0.00157110645248413
H1,2024-01-01 00:00:00.701,-0.00183497219654195
H1,2024-01-01 00:00:00.702,-0.00170756548608518
H1,2024-01-01 00:00:00.703,-0.000805560906520194
H1,2024-01-01 00:00:00.704,0.000518829490162887
H1,2024-01-01 00:00:00.705,0.00189284005224734
H1,2024-01-01 00:00:00.706,0.00334328771029051
H1,2024-01-01 00:00:00.707,0.00483214871170064
H1,2024-01-01 00:00:00.708,0.0071944927613536
H1,2024-01-01 00:00:00.709,0.0095488736037452
H1,2024-01-01 00:00:00.710,0.0115526380651066
H1,2024-01-01 00:00:00.711,0.0128804113002513
H1,2024-01-01 00:00:00.712,0.0146742997590767
H1,2024-01-01 00:00:00.713,0.0154672880484802
H1,2024-01-01 00:00:00.714,0.0163074395752942
H1,2024-01-01 00:00:00.715,0.0172633153795592
H1,2024-01-01 00:00:00.716,0.0184836869768839
H1,2024-01-01 00:00:00.717,0.0192239292360546
H1,2024-01-01 00:00:00.718,0.020860192612386
H1,2024-01-01 00:00:00.719,0.0222600515547475
H1,2024-01-01 00:00:00.720,0.0238149324005982
H1,2024-01-01 00:00:00.721,0.0255786868423512
H1,2024-01-01 00:00:00.722,0.0273612765531568
H1,2024-01-01 00:00:00.723,0.0285926230334443
H1,2024-01-01 00:00:00.724,0.029356229969789
H1,2024-01-01 00:00:00.725,0.0294989591547304
H1,2024-01-01 00:00:00.726,0.0298662579788269
H1,2024-01-01 00:00:00.727,0.0302386319852408
H1,2024-01-01 00:00:00.728,0.0309609562607358
H1,2024-01-01 00:00:00.729,0.0313730662759188
H1,2024-01-01 00:00:00.730,0.0316788566112127
H1,2024-01-01 00:00:00.731,0.031640505011678
H1,2024-01-01 00:00:00.732,0.0315734471119721
H1,2024-01-01 00:00:00.733,0.0305995310509639
H1,2024-01-01 00:00:00.734,0.029305807282706
H1,2024-01-01 00:00:00.735,0.0279907806976761
H1,2024-01-01 00:00:00.736,0.0270652142672218
H1,2024-01-01 00:00:00.737,0.0256820900272922
H1,2024-01-01 00:00:00.738,0.0245092662459599
H1,2024-01-01 00:00:00.739,0.0237014174140607
H1,2024-01-01 00:00:00.740,0.0222658575456096
H1,2024-01-01 00:00:00.741,0.021401026181117
H1,2024-01-01 00:00:00.742,0.020499699010452
H1,2024-01-01 00:00:00.743,0.0198329132309211
H1,2024-01-01 00:00:00.744,0.019580439353576
H1,2024-01-01 00:00:00.745,0.019213746907221
H1,2024-01-01 00:00:00.746,0.0181729678923022
H1,2024-01-01 00:00:00.747,0.0166406131351815
H1,2024-01-01 00:00:00.748,0.0149178549614656
H1,2024-01-01 00:00:00.749,0.0140314971159916
H1,2024-01-01 00:00:00.750,0.0133595353081107
H1,2024-01-01 00:00:00.751,0.0124125434980503
H1,2024-01-01 00:00:00.752,0.011616802602399
H1,2024-01-01 00:00:00.753,0.0117262931274445
H1,2024-01-01 00:00:00.754,0.0123569976801645
H1,2024-01-01 00:00:00.755,0.0134180886025701
H1,2024-01-01 00:00:00.756,0.0141003257384407
H1,2024-01-01 00:00:00.757,0.0150238012921623
H1,2024-01-01 00:00:00.758,0.0160120680104795
H1,2024-01-01 00:00:00.759,0.0176559379543897
H1,2024-01-01 00:00:00.760,0.0186766984070531
H1,2024-01-01 00:00:00.761,0.0192667536060082
H1,2024-01-01 00:00:00.762,0.0198417251336049
H1,2024-01-01 00:00:00.763,0.0205329600301286
H1,2024-01-01 00:00:00.764,0.021122229817371
H1,2024-01-01 00:00:00.765,0.0220150540618921
H1,2024-01-01 00:00:00.766,0.0235057837905636
H1,2024-01-01 00:00:00.767,0.0256546953085326
H1,2024-01-01 00:00:00.768,0.027670963391649
H1,2024-01-01 00:00:00.769,0.0300764816017912
H1,2024-01-01 00:00:00.770,0.032414300787504
H1,2024-01-01 00:00:00.771,0.0340800858304763
H1,2024-01-01 00:00:00.772,0.035330634037078
H1,2024-01-01 00:00:00.773,0.0362733145351416
H1,2024-01-01 00:00:00.774,0.0373787884087917
H1,2024-01-01 00:00:00.775,0.0384780951816984
H1,2024-01-01 00:00:00.776,0.0400604617644715
H1,2024-01-01 00:00:00.777,0.0408586657098419
H1,2024-01-01 00:00:00.778,0.0411608360962699
H1,2024-01-01 00:00:00.779,0.0415023819568321
H1,2024-01-01 00:00:00.780,0.0421831854762235
H1,2024-01-01 00:00:00.781,0.042717506758072
H1,2024-01-01 00:00:00.782,0.0434338553985543
H1,2024-01-01 00:00:00.783,0.0455754011948943
H1,2024-01-01 00:00:00.784,0.047967577186196
H1,2024-01-01 00:00:00.785,0.0497147249441354
H1,2024-01-01 00:00:00.786,0.051263037863269
H1,2024-01-01 00:00:00.787,0.0535204145324906
H1,2024-01-01 00:00:00.788,0.0553071334926642
H1,2024-01-01 00:00:00.789,0.0575707948886164
H1,2024-01-01 00:00:00.790,0.0598036630580389
H1,2024-01-01 00:00:00.791,0.0616455467994058
H1,2024-01-01 00:00:00.792,0.063688155178904
H1,2024-01-01 00:00:00.793,0.0649067447771559
H1,2024-01-01 00:00:00.794,0.0667542014703174
H1,2024-01-01 00:00:00.795,0.0687421637610737
H1,2024-01-01 00:00:00.796,0.0710358430837863
H1,2024-01-01 00:00:00.797,0.0732637272263126
H1,2024-01-01 00:00:00.798,0.0753945619787534
H1,2024-01-01 00:00:00.799,0.0783799728190285
H1,2024-01-01 00:00:00.800,0.0815183310909822
H1,2024-01-01 00:00:00.801,0.0845623491094883
H1,2024-01-01 00:00:00.802,0.0872908814012531
H1,2024-01-01 00:00:00.803,0.0908121898895376
H1,2024-01-01 00:00:00.804,0.0946117438654194
H1,2024-01-01 00:00:00.805,0.098374337207357
H1,2024-01-01 00:00:00.806,0.102522331288256
H1,2024-01-01 00:00:00.807,0.107318984700091
H1,2024-01-01 00:00:00.808,0.112578235445128
H1,2024-01-01 00:00:00.809,0.117923422435947
H1,2024-01-01 00:00:00.810,0.123364286293205
H1,2024-01-01 00:00:00.811,0.128168640668079
H1,2024-01-01 00:00:00.812,0.133016476391766
H1,2024-01-01 00:00:00.813,0.137137785070798
H1,2024-01-01 00:00:00.814,0.141020355428321
H1,2024-01-01 00:00:00.815,0.1442762401921
H1,2024-01-01 00:00:00.816,0.148388879467784
H1,2024-01-01 00:00:00.817,0.152176845612547
H1,2024-01-01 00:00:00.818,0.155632373309991
H1,2024-01-01 00:00:00.819,0.158886974494688
H1,2024-01-01 00:00:00.820,0.16169777578308
H1,2024-01-01 00:00:00.821,0.16398593332964
H1,2024-01-01 00:00:00.822,0.166148270800029
H1,2024-01-01 00:00:00.823,0.168089897800682
H1,2024-01-01 00:00:00.824,0.170370925186887
H1,2024-01-01 00:00:00.825,0.172632401701186
H1,2024-01-01 00:00:00.826,0.174747762587443
H1,2024-01-01 00:00:00.827,0.176304336329393
H1,2024-01-01 00:00:00.828,0.178456495732619
H1,2024-01-01 00:00:00.829,0.180446574345631
H1,2024-01-01 00:00:00.830,0.182284537363559
H1,2024-01-01 00:00:00.831,0.18481843252432
H1,2024-01-01 00:00:00.832,0.187455026420942
H1,2024-01-01 00:00:00.833,0.189012112608779
H1,2024-01-01 00:00:00.834,0.190494593596269
H1,2024-01-01 00:00:00.835,0.192076886106871
H1,2024-01-01 00:00:00.836,0.193448149599508
H1,2024-01-01 00:00:00.837,0.19381164303033
H1,2024-01-01 00:00:00.838,0.19460494880357
H1,2024-01-01 00:00:00.839,0.194669000472179
H1,2024-01-01 00:00:00.840,0.194469700885594
H1,2024-01-01 00:00:00.841,0.195367435061018
H1,2024-01-01 00:00:00.842,0.19596567814189
H1,2024-01-01 00:00:00.843,0.195730036449647
H1,2024-01-01 00:00:00.844,0.195108298784526
H1,2024-01-01 00:00:00.845,0.194347209837627
H1,2024-01-01 00:00:00.846,0.19351261348738
H1,2024-01-01 00:00:00.847,0.192939935238887
H1,2024-01-01 00:00:00.848,0.19250248120118
H1,2024-01-01 00:00:00.849,0.192404645194889
H1,2024-01-01 00:00:00.850,0.191322512130069
H1,2024-01-01 00:00:00.851,0.189984775967569
H1,2024-01-01 00:00:00.852,0.187942341501516
H1,2024-01-01 00:00:00.853,0.185056598520428
H1,2024-01-01 00:00:00.854,0.181131127259243
H1,2024-01-01 00:00:00.855,0.177845459126714
H1,2024-01-01 00:00:00.856,0.175064488430308
H1,2024-01-01 00:00:00.857,0.172143061794606
H1,2024-01-01 00:00:00.858,0.169170922682382
H1,2024-01-01 00:00:00.859,0.166510672127759
H1,2024-01-01 00:00:00.860,0.163752704805936
H1,2024-01-01 00:00:00.861,0.161861380687332
H1,2024-01-01 00:00:00.862,0.159421579852609
H1,2024-01-01 00:00:00.863,0.157054525761139
H1,2024-01-01 00:00:00.864,0.154771880384099
H1,2024-01-01 00:00:00.865,0.152695165973102
H1,2024-01-01 00:00:00.866,0.150299385616383
H1,2024-01-01 00:00:00.867,0.148604084490639
H1,2024-01-01 00:00:00.868,0.147070105360514
H1,2024-01-01 00:00:00.869,0.145400875455131
H1,2024-01-01 00:00:00.870,0.143332787249952
H1,2024-01-01 00:00:00.871,0.141571795213531
H1,2024-01-01 00:00:00.872,0.140643651038094
H1,2024-01-01 00:00:00.873,0.139494151015411
H1,2024-01-01 00:00:00.874,0.137300755211932
H1,2024-01-01 00:00:00.875,0.135317940066854
H1,2024-01-01 00:00:00.876,0.133325179020595
H1,2024-01-01 00:00:00.877,0.131648816059091
H1,2024-01-01 00:00:00.878,0.129359457514372
H1,2024-01-01 00:00:00.879,0.127141694855345
H1,2024-01-01 00:00:00.880,0.124831412272815
H1,2024-01-01 00:00:00.881,0.122593565598212
H1,2024-01-01 00:00:00.882,0.119892772381794
H1,2024-01-01 00:00:00.883,0.117339062554966
H1,2024-01-01 00:00:00.884,0.115228845141876
H1,2024-01-01 00:00:00.885,0.11345757423443
H1,2024-01-01 00:00:00.886,0.110933805690882
H1,2024-01-01 00:00:00.887,0.109059615312177
H1,2024-01-01 00:00:00.888,0.107985535048298
H1,2024-01-01 00:00:00.889,0.106322651175768
H1,2024-01-01 00:00:00.890,0.104293221092412
H1,2024-01-01 00:00:00.891,0.102451724120297
H1,2024-01-01 00:00:00.892,0.100764617751575
H1,2024-01-01 00:00:00.893,0.0985173460163568
H1,2024-01-01 00:00:00.894,0.0960989401134314
H1,2024-01-01 00:00:00.895,0.0930232692686832
H1,2024-01-01 00:00:00.896,0.0903623927186521
H1,2024-01-01 00:00:00.897,0.0885264247760427
H1,2024-01-01 00:00:00.898,0.0873278736862417
H1,2024-01-01 00:00:00.899,0.0865027074629234
H1,2024-01-01 00:00:00.900,0.0856973543915031
H1,2024-01-01 00:00:00.901,0.0850686266553079
H1,2024-01-01 00:00:00.902,0.0836279746765915
H1,2024-01-01 00:00:00.903,0.0822500007570398
H1,2024-01-01 00:00:00.904,0.0818325282429301
H1,2024-01-01 00:00:00.905,0.081552834775461
H1,2024-01-01 00:00:00.906,0.0804896045670446
H1,2024-01-01 00:00:00.907,0.0798592927770555
H1,2024-01-01 00:00:00.908,0.079578353634891
H1,2024-01-01 00:00:00.909,0.0791448621988381
H1,2024-01-01 00:00:00.910,0.0788603731530372
H1,2024-01-01 00:00:00.911,0.0776752821185159
H1,2024-01-01 00:00:00.912,0.0772911768259933
H1,2024-01-01 00:00:00.913,0.0778271006084022
H1,2024-01-01 00:00:00.914,0.0783087313655124
H1,2024-01-01 00:00:00.915,0.0792888705808912
H1,2024-01-01 00:00:00.916,0.0790311431833623
H1,2024-01-01 00:00:00.917,0.0784799737922469
H1,2024-01-01 00:00:00.918,0.0780686009058741
H1,2024-01-01 00:00:00.919,0.0779645251682334
H1,2024-01-01 00:00:00.920,0.0779975204691516
H1,2024-01-01 00:00:00.921,0.078749038920322
H1,2024-01-01 00:00:00.922,0.0796159505315187
H1,2024-01-01 00:00:00.923,0.0807928171632187
H1,2024-01-01 00:00:00.924,0.0829601932107062
H1,2024-01-01 00:00:00.925,0.0848268727251228
H1,2024-01-01 00:00:00.926,0.0863020889473369
H1,2024-01-01 00:00:00.927,0.0867603517745647
H1,2024-01-01 00:00:00.928,0.0870915471123703
H1,2024-01-01 00:00:00.929,0.0864484816437293
H1,2024-01-01 00:00:00.930,0.0850953662478671
H1,2024-01-01 00:00:00.931,0.0833524220111683
H1,2024-01-01 00:00:00.932,0.0819995944212201
H1,2024-01-01 00:00:00.933,0.0814548115633075
H1,2024-01-01 00:00:00.934,0.0809264740535969
H1,2024-01-01 00:00:00.935,0.0792744507326811
H1,2024-01-01 00:00:00.936,0.07791339634264
H1,2024-01-01 00:00:00.937,0.0760574413054858
H1,2024-01-01 00:00:00.938,0.0743238279500133
H1,2024-01-01 00:00:00.939,0.0727328447075227
H1,2024-01-01 00:00:00.940,0.0710577535314351
H1,2024-01-01 00:00:00.941,0.0694359511526481
H1,2024-01-01 00:00:00.942,0.067654724999631
H1,2024-01-01 00:00:00.943,0.0668660353669201
H1,2024-01-01 00:00:00.944,0.0670844429294361
H1,2024-01-01 00:00:00.945,0.0669433607933883
H1,2024-01-01 00:00:00.946,0.0663735625075017
H1,2024-01-01 00:00:00.947,0.0652541551441236
H1,2024-01-01 00:00:00.948,0.064515337808511
H1,2024-01-01 00:00:00.949,0.0641318869300364
H1,2024-01-01 00:00:00.950,0.0639908879357811
H1,2024-01-01 00:00:00.951,0.0638316797979436
H1,2024-01-01 00:00:00.952,0.063552802275296
H1,2024-01-01 00:00:00.953,0.0637927300165895
H1,2024-01-01 00:00:00.954,0.0634931746252133
H1,2024-01-01 00:00:00.955,0.0629311922990258
H1,2024-01-01 00:00:00.956,0.0626211043258665
H1,2024-01-01 00:00:00.957,0.0617467820718269
H1,2024-01-01 00:00:00.958,0.0605569577514869
H1,2024-01-01 00:00:00.959,0.0592637235380083
H1,2024-01-01 00:00:00.960,0.0582084783744739
H1,2024-01-01 00:00:00.961,0.0574777381515444
H1,2024-01-01 00:00:00.962,0.0569262434128134
H1,2024-01-01 00:00:00.963,0.0567985148246799
H1,2024-01-01 00:00:00.964,0.056360711338174
H1,2024-01-01 00:00:00.965,0.0565721248557504
H1,2024-01-01 00:00:00.966,0.0572572212369124
H1,2024-01-01 00:00:00.967,0.0579506163880948
H1,2024-01-01 00:00:00.968,0.0586186654573703
H1,2024-01-01 00:00:00.969,0.0591780084480956
H1,2024-01-01 00:00:00.970,0.0592361781023238
H1,2024-01-01 00:00:00.971,0.0586346409836584
H1,2024-01-01 00:00:00.972,0.058709624737674
H1,2024-01-01 00:00:00.973,0.0587788637031645
H1,2024-01-01 00:00:00.974,0.0579977409559013
H1,2024-01-01 00:00:00.975,0.0573784889776045
H1,2024-01-01 00:00:00.976,0.0571588484404544
H1,2024-01-01 00:00:00.977,0.057036789138569
H1,2024-01-01 00:00:00.978,0.0565518365890868
H1,2024-01-01 00:00:00.979,0.0564799578388019
H1,2024-01-01 00:00:00.980,0.0563586581355219
H1,2024-01-01 00:00:00.981,0.0566653114518345
H1,2024-01-01 00:00:00.982,0.0566856198427244
H1,2024-01-01 00:00:00.983,0.0564038136464846
H1,2024-01-01 00:00:00.984,0.0561163337951603
H1,2024-01-01 00:00:00.985,0.0559362415234118
H1,2024-01-01 00:00:00.986,0.0563535250960546
H1,2024-01-01 00:00:00.987,0.0564483549517405
H1,2024-01-01 00:00:00.988,0.0562298119044296
H1,2024-01-01 00:00:00.989,0.0552747109624234
H1,2024-01-01 00:00:00.990,0.0552662172916101
H1,2024-01-01 00:00:00.991,0.0551136526050821
H1,2024-01-01 00:00:00.992,0.0552150000238974
H1,2024-01-01 00:00:00.993,0.05555748755869
H1,2024-01-01 00:00:00.994,0.0552629134611526
H1,2024-01-01 00:00:00.995,0.0553055581319168
H1,2024-01-01 00:00:00.996,0.0553888372207032
H1,2024-01-01 00:00:00.997,0.0566386684496537
H1,2024-01-01 00:00:00.998,0.0577343710800891
H1,2024-01-01 00:00:00.999,0.0594345784067531
H1,2024-01-01 00:00:01.000,0.0618728175183087
H1,2024-01-01 00:00:01.001,0.0638952436984197
H1,2024-01-01 00:00:01.002,0.0658269568136902
H1,2024-01-01 00:00:01.003,0.0674349760586632
H1,2024-01-01 00:00:01.004,0.0687165047410405
H1,2024-01-01 00:00:01.005,0.0713917398891134
H1,2024-01-01 00:00:01.006,0.0741607395297507
H1,2024-01-01 00:00:01.007,0.0766105950923148
H1,2024-01-01 00:00:01.008,0.0786713473584054
H1,2024-01-01 00:00:01.009,0.0807585301237968
H1,2024-01-01 00:00:01.010,0.0828934860161604
H1,2024-01-01 00:00:01.011,0.0836207585043067
H1,2024-01-01 00:00:01.012,0.0840094615472274
H1,2024-01-01 00:00:01.013,0.0840221004469224
H1,2024-01-01 00:00:01.014,0.0838946816821774
H1,2024-01-01 00:00:01.015,0.0845219380262037
H1,2024-01-01 00:00:01.016,0.0852169716173758
H1,2024-01-01 00:00:01.017,0.0851899006975157
H1,2024-01-01 00:00:01.018,0.0852081715953202
H1,2024-01-01 00:00:01.019,0.0852174449285303
H1,2024-01-01 00:00:01.020,0.0853395411209681
H1,2024-01-01 00:00:01.021,0.0856262461317317
H1,2024-01-01 00:00:01.022,0.0858017469234778
H1,2024-01-01 00:00:01.023,0.0856542041494362
H1,2024-01-01 00:00:01.024,0.0852907743481905
H1,2024-01-01 00:00:01.025,0.0853135297732711
H1,2024-01-01 00:00:01.026,0.085909310326319
H1,2024-01-01 00:00:01.027,0.0866558446973782
H1,2024-01-01 00:00:01.028,0.0870797692228678
H1,2024-01-01 00:00:01.029,0.0877997813300726
H1,2024-01-01 00:00:01.030,0.0886152025075505
H1,2024-01-01 00:00:01.031,0.0894963899933088
H1,2024-01-01 00:00:01.032,0.0899827531824245
H1,2024-01-01 00:00:01.033,0.0902579735067581
H1,2024-01-01 00:00:01.034,0.0902482799918551
H1,2024-01-01 00:00:01.035,0.0897517927393466
H1,2024-01-01 00:00:01.036,0.0892367606775703
H1,2024-01-01 00:00:01.037,0.088344835632802
H1,2024-01-01 00:00:01.038,0.0857876162351928
H1,2024-01-01 00:00:01.039,0.0827318175083268
H1,2024-01-01 00:00:01.040,0.0800480311086476
H1,2024-01-01 00:00:01.041,0.0779702139904155
H1,2024-01-01 00:00:01.042,0.0767064659424605
H1,2024-01-01 00:00:01.043,0.0757793539698239
H1,2024-01-01 00:00:01.044,0.0754073089554369
H1,2024-01-01 00:00:01.045,0.0746028429201764
H1,2024-01-01 00:00:01.046,0.0734635749542929
H1,2024-01-01 00:00:01.047,0.0719559478188732
H1,2024-01-01 00:00:01.048,0.0704184021774128
H1,2024-01-01 00:00:01.049,0.0684731206056535
H1,2024-01-01 00:00:01.050,0.0670638478489048
H1,2024-01-01 00:00:01.051,0.0652178894518249
H1,2024-01-01 00:00:01.052,0.0633066429796058
H1,2024-01-01 00:00:01.053,0.0614987297190842
H1,2024-01-01 00:00:01.054,0.0594983737733586
H1,2024-01-01 00:00:01.055,0.0576290445050774
H1,2024-01-01 00:00:01.056,0.0556216459788242
H1,2024-01-01 00:00:01.057,0.0543213344296698
H1,2024-01-01 00:00:01.058,0.0536218586167471
H1,2024-01-01 00:00:01.059,0.0526333584562477
H1,2024-01-01 00:00:01.060,0.0507814956823855
H1,2024-01-01 00:00:01.061,0.04922445581688
H1,2024-01-01 00:00:01.062,0.047662551760606
H1,2024-01-01 00:00:01.063,0.046104167848577
H1,2024-01-01 00:00:01.064,0.0451476699571744
H1,2024-01-01 00:00:01.065,0.0437847950727923
H1,2024-01-01 00:00:01.066,0.0423559694666742
H1,2024-01-01 00:00:01.067,0.0413135713744966
H1,2024-01-01 00:00:01.068,0.0407826735324476
H1,2024-01-01 00:00:01.069,0.0401467619078318
H1,2024-01-01 00:00:01.070,0.039705450894349
H1,2024-01-01 00:00:01.071,0.0394251354652836
H1,2024-01-01 00:00:01.072,0.0401191047315861
H1,2024-01-01 00:00:01.073,0.0411561848947401
H1,2024-01-01 00:00:01.074,0.0416153454177329
H1,2024-01-01 00:00:01.075,0.0413454558515099
H1,2024-01-01 00:00:01.076,0.0412994564374695
H1,2024-01-01 00:00:01.077,0.0421395162092803
H1,2024-01-01 00:00:01.078,0.043520596472574
H1,2024-01-01 00:00:01.079,0.0446877080385801
H1,2024-01-01 00:00:01.080,0.0457041797847581
H1,2024-01-01 00:00:01.081,0.0474245779108729
H1,2024-01-01 00:00:01.082,0.0483722197024618
H1,2024-01-01 00:00:01.083,0.0489191913108909
H1,2024-01-01 00:00:01.084,0.0496246168561295
H1,2024-01-01 00:00:01.085,0.0493448626156022
H1,2024-01-01 00:00:01.086,0.048870408108129
H1,2024-01-01 00:00:01.087,0.0490225317860692
H1,2024-01-01 00:00:01.088,0.0493626121241253
H1,2024-01-01 00:00:01.089,0.0492060609958316
H1,2024-01-01 00:00:01.090,0.0488892411087665
H1,2024-01-01 00:00:01.091,0.0490527361539845
H1,2024-01-01 00:00:01.092,0.0495479481152025
H1,2024-01-01 00:00:01.093,0.0498422220916403
H1,2024-01-01 00:00:01.094,0.0509039649318108
H1,2024-01-01 00:00:01.095,0.0522943156108711
H1,2024-01-01 00:00:01.096,0.0527591305555347
H1,2024-01-01 00:00:01.097,0.0531117167244595
H1,2024-01-01 00:00:01.098,0.0545529245825454
H1,2024-01-01 00:00:01.099,0.0557061604883059
H1,2024-01-01 00:00:01.100,0.0569386418268309
H1,2024-01-01 00:00:01.101,0.0575718018456474
H1,2024-01-01 00:00:01.102,0.0580500466288591
H1,2024-01-01 00:00:01.103,0.0581971228978094
H1,2024-01-01 00:00:01.104,0.057770007224149
H1,2024-01-01 00:00:01.105,0.05821970870766
H1,2024-01-01 00:00:01.106,0.058398792066099
H1,2024-01-01 00:00:01.107,0.0590119673786343
H1,2024-01-01 00:00:01.108,0.0599934209093822
H1,2024-01-01 00:00:01.109,0.0610177003598276
H1,2024-01-01 00:00:01.110,0.0622964040295979
H1,2024-01-01 00:00:01.111,0.0639390767194169
H1,2024-01-01 00:00:01.112,0.0645947316522833
H1,2024-01-01 00:00:01.113,0.0657862037263109
H1,2024-01-01 00:00:01.114,0.0665386539816813
H1,2024-01-01 00:00:01.115,0.0671541455001084
H1,2024-01-01 00:00:01.116,0.068562699181055
H1,2024-01-01 00:00:01.117,0.0703178917960137
H1,2024-01-01 00:00:01.118,0.07186910606927
H1,2024-01-01 00:00:01.119,0.0733323791194877
H1,2024-01-01 00:00:01.120,0.0747094889421678
H1,2024-01-01 00:00:01.121,0.0769693935285778
H1,2024-01-01 00:00:01.122,0.0791799909879485
H1,2024-01-01 00:00:01.123,0.0812195942068901
H1,2024-01-01 00:00:01.124,0.083178782411536
H1,2024-01-01 00:00:01.125,0.0845136626130594
H1,2024-01-01 00:00:01.126,0.0858396685443773
H1,2024-01-01 00:00:01.127,0.0871410780125433
H1,2024-01-01 00:00:01.128,0.0882503945418615
H1,2024-01-01 00:00:01.129,0.0900414474383876
H1,2024-01-01 00:00:01.130,0.0920723357074718
H1,2024-01-01 00:00:01.131,0.093628114597596
H1,2024-01-01 00:00:01.132,0.0951816957686037
H1,2024-01-01 00:00:01.133,0.0963962734585866
H1,2024-01-01 00:00:01.134,0.0966203219456608
H1,2024-01-01 00:00:01.135,0.0970408202924274
H1,2024-01-01 00:00:01.136,0.0982689515917005
H1,2024-01-01 00:00:01.137,0.0988623890752247
H1,2024-01-01 00:00:01.138,0.0991964104787673
H1,2024-01-01 00:00:01.139,0.099184227052121
H1,2024-01-01 00:00:01.140,0.0992970586650167
H1,2024-01-01 00:00:01.141,0.0995040018567739
H1,2024-01-01 00:00:01.142,0.0990997287559008
H1,2024-01-01 00:00:01.143,0.098277285086056
H1,2024-01-01 00:00:01.144,0.0979131146561655
H1,2024-01-01 00:00:01.145,0.0986045477384259
H1,2024-01-01 00:00:01.146,0.0988841972201757
H1,2024-01-01 00:00:01.147,0.0979050505687342
H1,2024-01-01 00:00:01.148,0.0971171103479552
H1,2024-01-01 00:00:01.149,0.096453243399942
H1,2024-01-01 00:00:01.150,0.0957779599864131
H1,2024-01-01 00:00:01.151,0.0949782306205918
H1,2024-01-01 00:00:01.152,0.0952801946356173
H1,2024-01-01 00:00:01.153,0.0959915462605962
H1,2024-01-01 00:00:01.154,0.0964279721452395
H1,2024-01-01 00:00:01.155,0.0968891494218024
H1,2024-01-01 00:00:01.156,0.0975824739029075
H1,2024-01-01 00:00:01.157,0.0977700958412199
H1,2024-01-01 00:00:01.158,0.0977165493285492
H1,2024-01-01 00:00:01.159,0.0973795546486352
H1,2024-01-01 00:00:01.160,0.0968861349275413
H1,2024-01-01 00:00:01.161,0.0960269135616327
H1,2024-01-01 00:00:01.162,0.0956854906719777
H1,2024-01-01 00:00:01.163,0.0956504123556629
H1,2024-01-01 00:00:01.164,0.0953665414373969
H1,2024-01-01 00:00:01.165,0.0948894872852001
H1,2024-01-01 00:00:01.166,0.0955881785861379
H1,2024-01-01 00:00:01.167,0.0960807314560706
H1,2024-01-01 00:00:01.168,0.0960861620512972
H1,2024-01-01 00:00:01.169,0.0960647957559662
H1,2024-01-01 00:00:01.170,0.0958664720403273
H1,2024-01-01 00:00:01.171,0.0955962843518763
H1,2024-01-01 00:00:01.172,0.0963637457314143
H1,2024-01-01 00:00:01.173,0.0981425521600116
H1,2024-01-01 00:00:01.174,0.100494986181581
H1,2024-01-01 00:00:01.175,0.102451880423964
H1,2024-01-01 00:00:01.176,0.104556209257067
H1,2024-01-01 00:00:01.177,0.106079169555229
H1,2024-01-01 00:00:01.178,0.108182465340865
H1,2024-01-01 00:00:01.179,0.110981620510685
H1,2024-01-01 00:00:01.180,0.113115981469181
H1,2024-01-01 00:00:01.181,0.114635424024512
H1,2024-01-01 00:00:01.182,0.116171541065322
H1,2024-01-01 00:00:01.183,0.117634164137635
H1,2024-01-01 00:00:01.184,0.11917673027576
H1,2024-01-01 00:00:01.185,0.120795008673426
H1,2024-01-01 00:00:01.186,0.121970943192379
H1,2024-01-01 00:00:01.187,0.122809666748245
H1,2024-01-01 00:00:01.188,0.123556928342396
H1,2024-01-01 00:00:01.189,0.124776320419457
H1,2024-01-01 00:00:01.190,0.126212427932395
H1,2024-01-01 00:00:01.191,0.126826266819586
H1,2024-01-01 00:00:01.192,0.127105577326487
H1,2024-01-01 00:00:01.193,0.127296827434518
H1,2024-01-01 00:00:01.194,0.127860792594077
H1,2024-01-01 00:00:01.195,0.128516521681806
H1,2024-01-01 00:00:01.196,0.129457022703569
H1,2024-01-01 00:00:01.197,0.130211483784949
H1,2024-01-01 00:00:01.198,0.131472926734841
H1,2024-01-01 00:00:01.199,0.132701267694104
H1,2024-01-01 00:00:01.200,0.133459639551868
H1,2024-01-01 00:00:01.201,0.134495728867839
H1,2024-01-01 00:00:01.202,0.135878000125437
H1,2024-01-01 00:00:01.203,0.137513778437839
H1,2024-01-01 00:00:01.204,0.140212202515526
H1,2024-01-01 00:00:01.205,0.142703906976276
H1,2024-01-01 00:00:01.206,0.144429111215193
H1,2024-01-01 00:00:01.207,0.146169414459018
H1,2024-01-01 00:00:01.208,0.148208840283428
H1,2024-01-01 00:00:01.209,0.150585075805642
H1,2024-01-01 00:00:01.210,0.152571690201637
H1,2024-01-01 00:00:01.211,0.154302278037129
H1,2024-01-01 00:00:01.212,0.155975299297796
H1,2024-01-01 00:00:01.213,0.158058374237348
H1,2024-01-01 00:00:01.214,0.1603681372463
H1,2024-01-01 00:00:01.215,0.161498854491536
H1,2024-01-01 00:00:01.216,0.162705983683898
H1,2024-01-01 00:00:01.217,0.163965967907802
H1,2024-01-01 00:00:01.218,0.164384213821424
H1,2024-01-01 00:00:01.219,0.164968875517217
H1,2024-01-01 00:00:01.220,0.166236741096164
H1,2024-01-01 00:00:01.221,0.168040032285071
H1,2024-01-01 00:00:01.222,0.169399689812257
H1,2024-01-01 00:00:01.223,0.169875249877648
H1,2024-01-01 00:00:01.224,0.169111087875362
H1,2024-01-01 00:00:01.225,0.168949809327797
H1,2024-01-01 00:00:01.226,0.16896949073238
H1,2024-01-01 00:00:01.227,0.169917313757001
H1,2024-01-01 00:00:01.228,0.170527959847129
H1,2024-01-01 00:00:01.229,0.171626884979002
H1,2024-01-01 00:00:01.230,0.172800567487081
H1,2024-01-01 00:00:01.231,0.17414584636514
H1,2024-01-01 00:00:01.232,0.175240190143827
H1,2024-01-01 00:00:01.233,0.175759459119364
H1,2024-01-01 00:00:01.234,0.176846817523407
H1,2024-01-01 00:00:01.235,0.177794730964701
H1,2024-01-01 00:00:01.236,0.17785606061978
H1,2024-01-01 00:00:01.237,0.178289524548124
H1,2024-01-01 00:00:01.238,0.178185036356777
H1,2024-01-01 00:00:01.239,0.178631127761369
H1,2024-01-01 00:00:01.240,0.179704977917574
H1,2024-01-01 00:00:01.241,0.181084734184529
H1,2024-01-01 00:00:01.242,0.182338313193184
H1,2024-01-01 00:00:01.243,0.182832689084821
H1,2024-01-01 00:00:01.244,0.183732383115582
H1,2024-01-01 00:00:01.245,0.184637928461042
H1,2024-01-01 00:00:01.246,0.184653366242683
H1,2024-01-01 00:00:01.247,0.185005507936166
H1,2024-01-01 00:00:01.248,0.184994992033622
H1,2024-01-01 00:00:01.249,0.18449823818603
H1,2024-01-01 00:00:01.250,0.184816797741534
H1,2024-01-01 00:00:01.251,0.184934058125169
H1,2024-01-01 00:00:01.252,0.185404662000365
H1,2024-01-01 00:00:01.253,0.186378276807717
H1,2024-01-01 00:00:01.254,0.187729934878188
H1,2024-01-01 00:00:01.255,0.189235623854471
H1,2024-01-01 00:00:01.256,0.190690347063325
H1,2024-01-01 00:00:01.257,0.192384290737416
H1,2024-01-01 00:00:01.258,0.193633348351992
H1,2024-01-01 00:00:01.259,0.194452596143666
H1,2024-01-01 00:00:01.260,0.194525586711504
H1,2024-01-01 00:00:01.261,0.19478869920979
H1,2024-01-01 00:00:01.262,0.194810289573174
H1,2024-01-01 00:00:01.263,0.194677204935342
H1,2024-01-01 00:00:01.264,0.194442337536614
H1,2024-01-01 00:00:01.265,0.193575840679008
H1,2024-01-01 00:00:01.266,0.193158465993347
H1,2024-01-01 00:00:01.267,0.193792987339496
H1,2024-01-01 00:00:01.268,0.193417349277383
H1,2024-01-01 00:00:01.269,0.193241186785677
H1,2024-01-01 00:00:01.270,0.194189389510154
H1,2024-01-01 00:00:01.271,0.195224791216009
H1,2024-01-01 00:00:01.272,0.195291942412065
H1,2024-01-01 00:00:01.273,0.195144413731176
H1,2024-01-01 00:00:01.274,0.194528332584091
H1,2024-01-01 00:00:01.275,0.194354384201568
H1,2024-01-01 00:00:01.276,0.194221111929192
H1,2024-01-01 00:00:01.277,0.194656557461335
H1,2024-01-01 00:00:01.278,0.195230792512819
H1,2024-01-01 00:00:01.279,0.195471153320355
H1,2024-01-01 00:00:01.280,0.196013170993662
H1,2024-01-01 00:00:01.281,0.196299513392853
H1,2024-01-01 00:00:01.282,0.196229027485643
H1,2024-01-01 00:00:01.283,0.196393018395773
H1,2024-01-01 00:00:01.284,0.196587205256408
H1,2024-01-01 00:00:01.285,0.196993199737624
H1,2024-01-01 00:00:01.286,0.196455491057665
H1,2024-01-01 00:00:01.287,0.196338748724239
H1,2024-01-01 00:00:01.288,0.196166549867135
H1,2024-01-01 00:00:01.289,0.196067268891458
H1,2024-01-01 00:00:01.290,0.195334989475353
H1,2024-01-01 00:00:01.291,0.194611402290671
H1,2024-01-01 00:00:01.292,0.194835282762126
H1,2024-01-01 00:00:01.293,0.1956530463281
H1,2024-01-01 00:00:01.294,0.197613787586514
H1,2024-01-01 00:00:01.295,0.199294202324227
H1,2024-01-01 00:00:01.296,0.200719397009001
H1,2024-01-01 00:00:01.297,0.201454659293605
H1,2024-01-01 00:00:01.298,0.202511903555807
H1,2024-01-01 00:00:01.299,0.203451840269078
H1,2024-01-01 00:00:01.300,0.204439628662932
H1,2024-01-01 00:00:01.301,0.204744738935313
H1,2024-01-01 00:00:01.302,0.204869424467672
H1,2024-01-01 00:00:01.303,0.205356739508666
H1,2024-01-01 00:00:01.304,0.204821879726903
H1,2024-01-01 00:00:01.305,0.203873269700618
H1,2024-01-01 00:00:01.306,0.203352347966943
H1,2024-01-01 00:00:01.307,0.202428445554756
H1,2024-01-01 00:00:01.308,0.201739999991019
H1,2024-01-01 00:00:01.309,0.199904601534285
H1,2024-01-01 00:00:01.310,0.197777925203415
H1,2024-01-01 00:00:01.311,0.195710356905348
H1,2024-01-01 00:00:01.312,0.192822948430919
H1,2024-01-01 00:00:01.313,0.189323634372222
H1,2024-01-01 00:00:01.314,0.185599108599544
H1,2024-01-01 00:00:01.315,0.181617649852928
H1,2024-01-01 00:00:01.316,0.178078088468078
H1,2024-01-01 00:00:01.317,0.174457972266966
H1,2024-01-01 00:00:01.318,0.171189058882909
H1,2024-01-01 00:00:01.319,0.168615478506236
H1,2024-01-01 00:00:01.320,0.165306709157053
H1,2024-01-01 00:00:01.321,0.162468623586278
H1,2024-01-01 00:00:01.322,0.159051161173201
H1,2024-01-01 00:00:01.323,0.154901672074262
H1,2024-01-01 00:00:01.324,0.149464063958338
H1,2024-01-01 00:00:01.325,0.143594326139913
H1,2024-01-01 00:00:01.326,0.138212739163138
H1,2024-01-01 00:00:01.327,0.132888685790229
H1,2024-01-01 00:00:01.328,0.128651343325535
H1,2024-01-01 00:00:01.329,0.124893760533525
H1,2024-01-01 00:00:01.330,0.12210632383702
H1,2024-01-01 00:00:01.331,0.119418402638259
H1,2024-01-01 00:00:01.332,0.117147332281603
H1,2024-01-01 00:00:01.333,0.11532028272564
H1,2024-01-01 00:00:01.334,0.114176708507203
H1,2024-01-01 00:00:01.335,0.113471837539667
H1,2024-01-01 00:00:01.336,0.112803964771986
H1,2024-01-01 00:00:01.337,0.11134307363002
H1,2024-01-01 00:00:01.338,0.110267835801883
H1,2024-01-01 00:00:01.339,0.108344574633259
H1,2024-01-01 00:00:01.340,0.105855358508166
H1,2024-01-01 00:00:01.341,0.103011090176136
H1,2024-01-01 00:00:01.342,0.101121100813592
H1,2024-01-01 00:00:01.343,0.0994082804560159
H1,2024-01-01 00:00:01.344,0.0974893427445854
H1,2024-01-01 00:00:01.345,0.0947438828511459
H1,2024-01-01 00:00:01.346,0.092200072261497
H1,2024-01-01 00:00:01.347,0.0892759448820128
H1,2024-01-01 00:00:01.348,0.085119833725597
H1,2024-01-01 00:00:01.349,0.0814409276688471
H1,2024-01-01 00:00:01.350,0.0773428634817037
H1,2024-01-01 00:00:01.351,0.0738176662241027
H1,2024-01-01 00:00:01.352,0.0705430560265058
H1,2024-01-01 00:00:01.353,0.0668826928893631
H1,2024-01-01 00:00:01.354,0.0635572938302083
H1,2024-01-01 00:00:01.355,0.0601658217621353
H1,2024-01-01 00:00:01.356,0.0569924722126122
H1,2024-01-01 00:00:01.357,0.0537263030620297
H1,2024-01-01 00:00:01.358,0.0509385592918444
H1,2024-01-01 00:00:01.359,0.0478686389644517
H1,2024-01-01 00:00:01.360,0.0453774170251513
H1,2024-01-01 00:00:01.361,0.0426846491498383
H1,2024-01-01 00:00:01.362,0.0394680390885939
H1,2024-01-01 00:00:01.363,0.0357737455322209
H1,2024-01-01 00:00:01.364,0.0318392703084075
H1,2024-01-01 00:00:01.365,0.027987656116685
H1,2024-01-01 00:00:01.366,0.0234448228718293
H1,2024-01-01 00:00:01.367,0.0188240497892371
H1,2024-01-01 00:00:01.368,0.0144147784885442
H1,2024-01-01 00:00:01.369,0.0104702467233176
H1,2024-01-01 00:00:01.370,0.00631710134204758
H1,2024-01-01 00:00:01.371,0.00307618058534905
H1,2024-01-01 00:00:01.372,-1.81214318257429e-05
H1,2024-01-01 00:00:01.373,-0.00377095104127115
H1,2024-01-01 00:00:01.374,-0.00639948777446638
H1,2024-01-01 00:00:01.375,-0.00787635725545345
H1,2024-01-01 00:00:01.376,-0.0100579595603274
H1,2024-01-01 00:00:01.377,-0.0122810006418946
H1,2024-01-01 00:00:01.378,-0.0145290034803761
H1,2024-01-01 00:00:01.379,-0.0164579396320709
H1,2024-01-01 00:00:01.380,-0.0189057233920847
H1,2024-01-01 00:00:01.381,-0.0209426921199536
H1,2024-01-01 00:00:01.382,-0.0224345216120633
H1,2024-01-01 00:00:01.383,-0.0234362115260246
H1,2024-01-01 00:00:01.384,-0.0242386527520175
H1,2024-01-01 00:00:01.385,-0.0244376081020912
H1,2024-01-01 00:00:01.386,-0.0243332664045945
H1,2024-01-01 00:00:01.387,-0.0243295762734703
H1,2024-01-01 00:00:01.388,-0.0242311257486395
H1,2024-01-01 00:00:01.389,-0.0252632049209227
H1,2024-01-01 00:00:01.390,-0.0258258255408606
H1,2024-01-01 00:00:01.391,-0.0268215655474665
H1,2024-01-01 00:00:01.392,-0.0276068376325986
H1,2024-01-01 00:00:01.393,-0.02855979935431
H1,2024-01-01 00:00:01.394,-0.0282998907115779
H1,2024-01-01 00:00:01.395,-0.0274974442189651
H1,2024-01-01 00:00:01.396,-0.0260411114330703
H1,2024-01-01 00:00:01.397,-0.0250156434502482
H1,2024-01-01 00:00:01.398,-0.0241947377764299
H1,2024-01-01 00:00:01.399,-0.0238122509580332
H1,2024-01-01 00:00:01.400,-0.0233973273279216
H1,2024-01-01 00:00:01.401,-0.0231712492148015
H1,2024-01-01 00:00:01.402,-0.023091150260314
H1,2024-01-01 00:00:01.403,-0.0228188484388895
H1,2024-01-01 00:00:01.404,-0.0223455478357345
H1,2024-01-01 00:00:01.405,-0.0215626777432454
H1,2024-01-01 00:00:01.406,-0.0214314605070875
H1,2024-01-01 00:00:01.407,-0.0212775679628446
H1,2024-01-01 00:00:01.408,-0.021611156757909
H1,2024-01-01 00:00:01.409,-0.0213416174920474
H1,2024-01-01 00:00:01.410,-0.0205910676717653
H1,2024-01-01 00:00:01.411,-0.0199761062401406
H1,2024-01-01 00:00:01.412,-0.0202036392789573
H1,2024-01-01 00:00:01.413,-0.0203246670836429
H1,2024-01-01 00:00:01.414,-0.0205957791385074
H1,2024-01-01 00:00:01.415,-0.0197065030070744
H1,2024-01-01 00:00:01.416,-0.0188995802243212
H1,2024-01-01 00:00:01.417,-0.0179335804478892
H1,2024-01-01 00:00:01.418,-0.01561522545342
H1,2024-01-01 00:00:01.419,-0.0136067090256914
H1,2024-01-01 00:00:01.420,-0.012578559432459
H1,2024-01-01 00:00:01.421,-0.0112064399108843
H1,2024-01-01 00:00:01.422,-0.00965156672187643
H1,2024-01-01 00:00:01.423,-0.0085544302260731
H1,2024-01-01 00:00:01.424,-0.00768959589586213
H1,2024-01-01 00:00:01.425,-0.00664723452325619
H1,2024-01-01 00:00:01.426,-0.00534036372365336
H1,2024-01-01 00:00:01.427,-0.003705775725688
H1,2024-01-01 00:00:01.428,-0.00196345412480589
H1,2024-01-01 00:00:01.429,-3.14065941333018e-05
H1,2024-01-01 00:00:01.430,0.00124656054837126
H1,2024-01-01 00:00:01.431,0.00272535801376971
H1,2024-01-01 00:00:01.432,0.00371745619369005
H1,2024-01-01 00:00:01.433,0.00468300124362523
H1,2024-01-01 00:00:01.434,0.006465535415216
H1,2024-01-01 00:00:01.435,0.008575605319524
H1,2024-01-01 00:00:01.436,0.0115351342248607
H1,2024-01-01 00:00:01.437,0.0149076521314798
H1,2024-01-01 00:00:01.438,0.0174499351672731
H1,2024-01-01 00:00:01.439,0.01957326896803
H1,2024-01-01 00:00:01.440,0.0224469901690789
H1,2024-01-01 00:00:01.441,0.0248498083037329
H1,2024-01-01 00:00:01.442,0.0271126013610993
H1,2024-01-01 00:00:01.443,0.030163343827193
H1,2024-01-01 00:00:01.444,0.0331635775386975
H1,2024-01-01 00:00:01.445,0.0355282046276081
H1,2024-01-01 00:00:01.446,0.0391144133918997
H1,2024-01-01 00:00:01.447,0.0430202034181487
H1,2024-01-01 00:00:01.448,0.0469451984450729
H1,2024-01-01 00:00:01.449,0.051299024442496
H1,2024-01-01 00:00:01.450,0.0559724419372795
H1,2024-01-01 00:00:01.451,0.060146272374969
H1,2024-01-01 00:00:01.452,0.0644978342654239
H1,2024-01-01 00:00:01.453,0.0691749247122437
H1,2024-01-01 00:00:01.454,0.073850257374224
H1,2024-01-01 00:00:01.455,0.0778881470362955
H1,2024-01-01 00:00:01.456,0.0814062309972601
H1,2024-01-01 00:00:01.457,0.0851100931418741
H1,2024-01-01 00:00:01.458,0.0888629007589555
H1,2024-01-01 00:00:01.459,0.092314770173902
H1,2024-01-01 00:00:01.460,0.0954659530065684
H1,2024-01-01 00:00:01.461,0.0987617377177244
H1,2024-01-01 00:00:01.462,0.102356767055448
H1,2024-01-01 00:00:01.463,0.106059489286906
H1,2024-01-01 00:00:01.464,0.109407248394417
H1,2024-01-01 00:00:01.465,0.112671289082595
H1,2024-01-01 00:00:01.466,0.114899258391582
H1,2024-01-01 00:00:01.467,0.116802826868939
H1,2024-01-01 00:00:01.468,0.118961566644716
H1,2024-01-01 00:00:01.469,0.121436131600455
H1,2024-01-01 00:00:01.470,0.122909788961105
H1,2024-01-01 00:00:01.471,0.124379078697505
H1,2024-01-01 00:00:01.472,0.126184161443696
H1,2024-01-01 00:00:01.473,0.127496739134412
H1,2024-01-01 00:00:01.474,0.127803182724603
H1,2024-01-01 00:00:01.475,0.127934576786622
H1,2024-01-01 00:00:01.476,0.128183999215094
H1,2024-01-01 00:00:01.477,0.128751371880927
H1,2024-01-01 00:00:01.478,0.129645968539515
H1,2024-01-01 00:00:01.479,0.130100979611663
H1,2024-01-01 00:00:01.480,0.130079319310373
H1,2024-01-01 00:00:01.481,0.130844329025687
H1,2024-01-01 00:00:01.482,0.131525927480495
H1,2024-01-01 00:00:01.483,0.131852994604283
H1,2024-01-01 00:00:01.484,0.132366225420802
H1,2024-01-01 00:00:01.485,0.132054495636877
H1,2024-01-01 00:00:01.486,0.131911901173038
H1,2024-01-01 00:00:01.487,0.131802809598126
H1,2024-01-01 00:00:01.488,0.131269006475842
H1,2024-01-01 00:00:01.489,0.131004166067578
H1,2024-01-01 00:00:01.490,0.13173855959503
H1,2024-01-01 00:00:01.491,0.131814825836852
H1,2024-01-01 00:00:01.492,0.131691282045968
H1,2024-01-01 00:00:01.493,0.132114659752548
H1,2024-01-01 00:00:01.494,0.132530126102884
H1,2024-01-01 00:00:01.495,0.133291754738177
H1,2024-01-01 00:00:01.496,0.134540307939873
H1,2024-01-01 00:00:01.497,0.135762912096976
H1,2024-01-01 00:00:01.498,0.135720435032209
H1,2024-01-01 00:00:01.499,0.135063195044625
H1,2024-01-01 00:00:01.500,0.135148880060172
H1,2024-01-01 00:00:01.501,0.134176701950878
H1,2024-01-01 00:00:01.502,0.133917387900189
H1,2024-01-01 00:00:01.503,0.133858377118281
H1,2024-01-01 00:00:01.504,0.132842901441073
H1,2024-01-01 00:00:01.505,0.130924501147002
H1,2024-01-01 00:00:01.506,0.129090470692859
H1,2024-01-01 00:00:01.507,0.127763573523011
H1,2024-01-01 00:00:01.508,0.127421759058846
H1,2024-01-01 00:00:01.509,0.126979865385987
H1,2024-01-01 00:00:01.510,0.126025832530244
H1,2024-01-01 00:00:01.511,0.124984083410399
H1,2024-01-01 00:00:01.512,0.123908866550464
H1,2024-01-01 00:00:01.513,0.122847168226488
H1,2024-01-01 00:00:01.514,0.12151041051166
H1,2024-01-01 00:00:01.515,0.119595058054549
H1,2024-01-01 00:00:01.516,0.116705337552412
H1,2024-01-01 00:00:01.517,0.114156455251624
H1,2024-01-01 00:00:01.518,0.11203947606024
H1,2024-01-01 00:00:01.519,0.109621614333308
H1,2024-01-01 00:00:01.520,0.107325295058415
H1,2024-01-01 00:00:01.521,0.10524800102995
H1,2024-01-01 00:00:01.522,0.102612717111745
H1,2024-01-01 00:00:01.523,0.0995232075305924
H1,2024-01-01 00:00:01.524,0.096305635689756
H1,2024-01-01 00:00:01.525,0.0934862568991319
H1,2024-01-01 00:00:01.526,0.0908312306545694
H1,2024-01-01 00:00:01.527,0.0883690190975065
H1,2024-01-01 00:00:01.528,0.0852185321406361
H1,2024-01-01 00:00:01.529,0.0823539275997292
H1,2024-01-01 00:00:01.530,0.080127136404616
H1,2024-01-01 00:00:01.531,0.0779155023272716
H1,2024-01-01 00:00:01.532,0.0759597629895054
H1,2024-01-01 00:00:01.533,0.0744051941366734
H1,2024-01-01 00:00:01.534,0.0725103617201433
H1,2024-01-01 00:00:01.535,0.0699797753145183
H1,2024-01-01 00:00:01.536,0.0685507695772221
H1,2024-01-01 00:00:01.537,0.067530611527532
H1,2024-01-01 00:00:01.538,0.066030949301971
H1,2024-01-01 00:00:01.539,0.0647576811810816
H1,2024-01-01 00:00:01.540,0.0639085175568824
H1,2024-01-01 00:00:01.541,0.0632655909598507
H1,2024-01-01 00:00:01.542,0.0626902189285536
H1,2024-01-01 00:00:01.543,0.0614808982327566
H1,2024-01-01 00:00:01.544,0.0606315561893422
H1,2024-01-01 00:00:01.545,0.0597214674369918
H1,2024-01-01 00:00:01.546,0.0588782262453585
H1,2024-01-01 00:00:01.547,0.0576378451560952
H1,2024-01-01 00:00:01.548,0.0560025690075749
H1,2024-01-01 00:00:01.549,0.0546274091718585
H1,2024-01-01 00:00:01.550,0.0535226903020833
H1,2024-01-01 00:00:01.551,0.0517249293403265
H1,2024-01-01 00:00:01.552,0.0502188884391602
H1,2024-01-01 00:00:01.553,0.0491098154925863
H1,2024-01-01 00:00:01.554,0.0483483765679121
H1,2024-01-01 00:00:01.555,0.0475952694815115
H1,2024-01-01 00:00:01.556,0.0468077690992104
H1,2024-01-01 00:00:01.557,0.0457868248811034
H1,2024-01-01 00:00:01.558,0.0448193442541407
H1,2024-01-01 00:00:01.559,0.0434743719827259
H1,2024-01-01 00:00:01.560,0.0421880981099931
H1,2024-01-01 00:00:01.561,0.0410849481296272
H1,2024-01-01 00:00:01.562,0.0406201377458758
H1,2024-01-01 00:00:01.563,0.0396590949992432
H1,2024-01-01 00:00:01.564,0.0386672553510433
H1,2024-01-01 00:00:01.565,0.037391747391778
H1,2024-01-01 00:00:01.566,0.0358185017394566
H1,2024-01-01 00:00:01.567,0.0343205370675128
H1,2024-01-01 00:00:01.568,0.0336729812431358
H1,2024-01-01 00:00:01.569,0.0335186657647697
H1,2024-01-01 00:00:01.570,0.0326058281381874
H1,2024-01-01 00:00:01.571,0.0328288117430958
H1,2024-01-01 00:00:01.572,0.0318949172859792
H1,2024-01-01 00:00:01.573,0.0312721239825869
H1,2024-01-01 00:00:01.574,0.0308654496458742
H1,2024-01-01 00:00:01.575,0.0314416033136904
H1,2024-01-01 00:00:01.576,0.0320215981014715
H1,2024-01-01 00:00:01.577,0.0323596011512283
H1,2024-01-01 00:00:01.578,0.0319377017097915
H1,2024-01-01 00:00:01.579,0.0310126632505807
H1,2024-01-01 00:00:01.580,0.0303258869331558
H1,2024-01-01 00:00:01.581,0.0294338075556192
H1,2024-01-01 00:00:01.582,0.0279942331690794
H1,2024-01-01 00:00:01.583,0.0267789451578586
H1,2024-01-01 00:00:01.584,0.025471728244841
H1,2024-01-01 00:00:01.585,0.025275854285506
H1,2024-01-01 00:00:01.586,0.0255101203760815
H1,2024-01-01 00:00:01.587,0.0252384805285759
H1,2024-01-01 00:00:01.588,0.0246023469067077
H1,2024-01-01 00:00:01.589,0.0239305667149798
H1,2024-01-01 00:00:01.590,0.0227309086638865
H1,2024-01-01 00:00:01.591,0.0214101410438934
H1,2024-01-01 00:00:01.592,0.019657477065852
H1,2024-01-01 00:00:01.593,0.0179225130496594
H1,2024-01-01 00:00:01.594,0.016269441000761
H1,2024-01-01 00:00:01.595,0.0146970473212891
H1,2024-01-01 00:00:01.596,0.0135106362124808
H1,2024-01-01 00:00:01.597,0.0116721232537493
H1,2024-01-01 00:00:01.598,0.0103508888521462
H1,2024-01-01 00:00:01.599,0.00965310293913575
H1,2024-01-01 00:00:01.600,0.0096487428743558
H1,2024-01-01 00:00:01.601,0.00913162961971358
H1,2024-01-01 00:00:01.602,0.00818328149475305
H1,2024-01-01 00:00:01.603,0.00701071431545849
H1,2024-01-01 00:00:01.604,0.00646965133819698
H1,2024-01-01 00:00:01.605,0.00666729101145601
H1,2024-01-01 00:00:01.606,0.00585038986885488
H1,2024-01-01 00:00:01.607,0.0047970877767788
H1,2024-01-01 00:00:01.608,0.00411975136714899
H1,2024-01-01 00:00:01.609,0.00340866906860118
H1,2024-01-01 00:00:01.610,0.00217468115882357
H1,2024-01-01 00:00:01.611,0.000452683265753152
H1,2024-01-01 00:00:01.612,-0.00099916765686052
H1,2024-01-01 00:00:01.613,-0.00168837592925964
H1,2024-01-01 00:00:01.614,-0.00217229176963637
H1,2024-01-01 00:00:01.615,-0.00213693457729928
H1,2024-01-01 00:00:01.616,-0.00226754588465832
H1,2024-01-01 00:00:01.617,-0.00241204684791945
H1,2024-01-01 00:00:01.618,-0.0020788472816932
H1,2024-01-01 00:00:01.619,-0.00199458326802695
H1,2024-01-01 00:00:01.620,-0.00229800288157328
H1,2024-01-01 00:00:01.621,-0.00264892102864522
H1,2024-01-01 00:00:01.622,-0.00286567004093741
H1,2024-01-01 00:00:01.623,-0.00364767016244826
H1,2024-01-01 00:00:01.624,-0.0047795096087493
H1,2024-01-01 00:00:01.625,-0.00615546125998811
H1,2024-01-01 00:00:01.626,-0.00793484535538008
H1,2024-01-01 00:00:01.627,-0.0100009395124914
H1,2024-01-01 00:00:01.628,-0.0126703206521615
H1,2024-01-01 00:00:01.629,-0.0151047795092394
H1,2024-01-01 00:00:01.630,-0.0175793386966868
H1,2024-01-01 00:00:01.631,-0.0198995932951406
H1,2024-01-01 00:00:01.632,-0.0226964595613475
H1,2024-01-01 00:00:01.633,-0.0247240230343581
H1,2024-01-01 00:00:01.634,-0.0262524269657047
H1,2024-01-01 00:00:01.635,-0.0284799730220114
H1,2024-01-01 00:00:01.636,-0.0313100591315985
H1,2024-01-01 00:00:01.637,-0.0339286283424288
H1,2024-01-01 00:00:01.638,-0.0368857029650531
H1,2024-01-01 00:00:01.639,-0.0402152137698899
H1,2024-01-01 00:00:01.640,-0.0434791139642465
H1,2024-01-01 00:00:01.641,-0.0469368799180979
H1,2024-01-01 00:00:01.642,-0.0495758156162572
H1,2024-01-01 00:00:01.643,-0.0527549027007465
H1,2024-01-01 00:00:01.644,-0.0554592625594684
H1,2024-01-01 00:00:01.645,-0.0582330491695508
H1,2024-01-01 00:00:01.646,-0.0613364754788152
H1,2024-01-01 00:00:01.647,-0.065371285545595
H1,2024-01-01 00:00:01.648,-0.0685630452256547
H1,2024-01-01 00:00:01.649,-0.0705693861433652
H1,2024-01-01 00:00:01.650,-0.0725703843923514
H1,2024-01-01 00:00:01.651,-0.0738831074173411
H1,2024-01-01 00:00:01.652,-0.0753585004599618
H1,2024-01-01 00:00:01.653,-0.0772770420652436
H1,2024-01-01 00:00:01.654,-0.0792919588733802
H1,2024-01-01 00:00:01.655,-0.0819149371038552
H1,2024-01-01 00:00:01.656,-0.08413990725007
H1,2024-01-01 00:00:01.657,-0.0863767003139019
H1,2024-01-01 00:00:01.658,-0.0882571338303383
H1,2024-01-01 00:00:01.659,-0.0901327811605335
H1,2024-01-01 00:00:01.660,-0.0917044024732905
H1,2024-01-01 00:00:01.661,-0.0930337081909429
H1,2024-01-01 00:00:01.662,-0.0932895567520497
H1,2024-01-01 00:00:01.663,-0.0937477920944538
H1,2024-01-01 00:00:01.664,-0.0941251715757656
H1,2024-01-01 00:00:01.665,-0.0942538571021449
H1,2024-01-01 00:00:01.666,-0.09502720605791
H1,2024-01-01 00:00:01.667,-0.0950956267740444
H1,2024-01-01 00:00:01.668,-0.0950129376379295
H1,2024-01-01 00:00:01.669,-0.0950034759529449
H1,2024-01-01 00:00:01.670,-0.0962458838246813
H1,2024-01-01 00:00:01.671,-0.0968709737747464
H1,2024-01-01 00:00:01.672,-0.0972222869783717
H1,2024-01-01 00:00:01.673,-0.0973165106145757
H1,2024-01-01 00:00:01.674,-0.0977205402831433
H1,2024-01-01 00:00:01.675,-0.0988756254950538
H1,2024-01-01 00:00:01.676,-0.100164425792308
H1,2024-01-01 00:00:01.677,-0.100613372793399
H1,2024-01-01 00:00:01.678,-0.101885106838365
H1,2024-01-01 00:00:01.679,-0.103236196216009
H1,2024-01-01 00:00:01.680,-0.103983015446295
H1,2024-01-01 00:00:01.681,-0.104295935290801
H1,2024-01-01 00:00:01.682,-0.105633525617236
H1,2024-01-01 00:00:01.683,-0.10671589003919
H1,2024-01-01 00:00:01.684,-0.108129397070173
H1,2024-01-01 00:00:01.685,-0.109333685124316
H1,2024-01-01 00:00:01.686,-0.110295162884243
H1,2024-01-01 00:00:01.687,-0.111208924492969
H1,2024-01-01 00:00:01.688,-0.111856344326882
H1,2024-01-01 00:00:01.689,-0.112967433133141
H1,2024-01-01 00:00:01.690,-0.113336890361385
H1,2024-01-01 00:00:01.691,-0.113378876217882
H1,2024-01-01 00:00:01.692,-0.113570682481281
H1,2024-01-01 00:00:01.693,-0.113788206949867
H1,2024-01-01 00:00:01.694,-0.113916574396566
H1,2024-01-01 00:00:01.695,-0.113621674986887
H1,2024-01-01 00:00:01.696,-0.112260264689556
H1,2024-01-01 00:00:01.697,-0.110769667633275
H1,2024-01-01 00:00:01.698,-0.109018609165409
H1,2024-01-01 00:00:01.699,-0.107546954411696
H1,2024-01-01 00:00:01.700,-0.105805526807885
H1,2024-01-01 00:00:01.701,-0.104526759927801
H1,2024-01-01 00:00:01.702,-0.10357267132457
H1,2024-01-01 00:00:01.703,-0.103673126551246
H1,2024-01-01 00:00:01.704,-0.104012161109061
H1,2024-01-01 00:00:01.705,-0.103028508366753
H1,2024-01-01 00:00:01.706,-0.101721637184099
H1,2024-01-01 00:00:01.707,-0.100823080783678
H1,2024-01-01 00:00:01.708,-0.0995395739878661
H1,2024-01-01 00:00:01.709,-0.097844931636261
H1,2024-01-01 00:00:01.710,-0.0957090536377967
H1,2024-01-01 00:00:01.711,-0.0935193294749261
H1,2024-01-01 00:00:01.712,-0.0913115527882063
H1,2024-01-01 00:00:01.713,-0.0887567634671937
H1,2024-01-01 00:00:01.714,-0.0866581001171579
H1,2024-01-01 00:00:01.715,-0.0846675944421069
H1,2024-01-01 00:00:01.716,-0.0821386306035563
H1,2024-01-01 00:00:01.717,-0.0789590172624338
H1,2024-01-01 00:00:01.718,-0.0763855281347369
H1,2024-01-01 00:00:01.719,-0.0744705285105289
H1,2024-01-01 00:00:01.720,-0.0727528571656003
H1,2024-01-01 00:00:01.721,-0.0715752191630247
H1,2024-01-01 00:00:01.722,-0.0689025677127204
H1,2024-01-01 00:00:01.723,-0.0661855917417651
H1,2024-01-01 00:00:01.724,-0.0639528330913328
H1,2024-01-01 00:00:01.725,-0.060919733273794
H1,2024-01-01 00:00:01.726,-0.0579963251135612
H1,2024-01-01 00:00:01.727,-0.0545539078506481
H1,2024-01-01 00:00:01.728,-0.0511839249022027
H1,2024-01-01 00:00:01.729,-0.0475706506315314
H1,2024-01-01 00:00:01.730,-0.04380386435003
H1,2024-01-01 00:00:01.731,-0.0404427004797
H1,2024-01-01 00:00:01.732,-0.0375293629011364
H1,2024-01-01 00:00:01.733,-0.0346115269589098
H1,2024-01-01 00:00:01.734,-0.0314445176907202
H1,2024-01-01 00:00:01.735,-0.0285645041567638
H1,2024-01-01 00:00:01.736,-0.02592462259869
H1,2024-01-01 00:00:01.737,-0.0232860050815002
H1,2024-01-01 00:00:01.738,-0.0210629413251403
H1,2024-01-01 00:00:01.739,-0.0186370520725682
H1,2024-01-01 00:00:01.740,-0.0159256066856125
H1,2024-01-01 00:00:01.741,-0.0137300832586622
H1,2024-01-01 00:00:01.742,-0.0117432274698026
H1,2024-01-01 00:00:01.743,-0.0092029123066227
H1,2024-01-01 00:00:01.744,-0.00655812918912816
H1,2024-01-01 00:00:01.745,-0.00338572386888729
H1,2024-01-01 00:00:01.746,-0.000108496469859408
H1,2024-01-01 00:00:01.747,0.00258429275626586
H1,2024-01-01 00:00:01.748,0.00588906477095976
H1,2024-01-01 00:00:01.749,0.00939209093511833
H1,2024-01-01 00:00:01.750,0.0124499477711518
H1,2024-01-01 00:00:01.751,0.0159694524636863
H1,2024-01-01 00:00:01.752,0.0198927157495472
H1,2024-01-01 00:00:01.753,0.0228653146833686
H1,2024-01-01 00:00:01.754,0.0256425887930408
H1,2024-01-01 00:00:01.755,0.0280920494875599
H1,2024-01-01 00:00:01.756,0.0303925984215703
H1,2024-01-01 00:00:01.757,0.0328780854652288
H1,2024-01-01 00:00:01.758,0.0344343018049582
H1,2024-01-01 00:00:01.759,0.0367615822087565
H1,2024-01-01 00:00:01.760,0.0384089189294392
H1,2024-01-01 00:00:01.761,0.0402705418289
H1,2024-01-01 00:00:01.762,0.0427650169694002
H1,2024-01-01 00:00:01.763,0.0448747081609884
H1,2024-01-01 00:00:01.764,0.0470655870977605
H1,2024-01-01 00:00:01.765,0.0488913570793462
H1,2024-01-01 00:00:01.766,0.0503853260984614
H1,2024-01-01 00:00:01.767,0.0521814028607173
H1,2024-01-01 00:00:01.768,0.0540668598493991
H1,2024-01-01 00:00:01.769,0.0559955301882366
H1,2024-01-01 00:00:01.770,0.057840616470906
H1,2024-01-01 00:00:01.771,0.0596968776196395
H1,2024-01-01 00:00:01.772,0.0614701526284111
H1,2024-01-01 00:00:01.773,0.0635940225547363
H1,2024-01-01 00:00:01.774,0.0651260455144603
H1,2024-01-01 00:00:01.775,0.0662057050827717
H1,2024-01-01 00:00:01.776,0.0673260374823989
H1,2024-01-01 00:00:01.777,0.0687345347207113
H1,2024-01-01 00:00:01.778,0.070722437315648
H1,2024-01-01 00:00:01.779,0.0724147122427212
H1,2024-01-01 00:00:01.780,0.073873298341245
H1,2024-01-01 00:00:01.781,0.0746509691234696
H1,2024-01-01 00:00:01.782,0.0753155181389365
H1,2024-01-01 00:00:01.783,0.0758136115615256
H1,2024-01-01 00:00:01.784,0.0763537381396081
H1,2024-01-01 00:00:01.785,0.0762915365135537
H1,2024-01-01 00:00:01.786,0.0759360112128995
H1,2024-01-01 00:00:01.787,0.075475568387151
H1,2024-01-01 00:00:01.788,0.0747634286162324
H1,2024-01-01 00:00:01.789,0.0741358558018152
H1,2024-01-01 00:00:01.790,0.0732923072760407
H1,2024-01-01 00:00:01.791,0.072762117923918
H1,2024-01-01 00:00:01.792,0.0722305990347249
H1,2024-01-01 00:00:01.793,0.0716553570342354
H1,2024-01-01 00:00:01.794,0.0715802766711376
H1,2024-01-01 00:00:01.795,0.0705756947471292
H1,2024-01-01 00:00:01.796,0.0688624760377647
H1,2024-01-01 00:00:01.797,0.0667158211491849
H1,2024-01-01 00:00:01.798,0.0643872671848859
H1,2024-01-01 00:00:01.799,0.0620616908339459
H1,2024-01-01 00:00:01.800,0.0595645127090034
H1,2024-01-01 00:00:01.801,0.0575877092308686
H1,2024-01-01 00:00:01.802,0.055844863134904
H1,2024-01-01 00:00:01.803,0.0549939044964417
H1,2024-01-01 00:00:01.804,0.0532398928488213
H1,2024-01-01 00:00:01.805,0.0503953007869107
H1,2024-01-01 00:00:01.806,0.0481795349403332
H1,2024-01-01 00:00:01.807,0.0457204564195197
H1,2024-01-01 00:00:01.808,0.0439794841057922
H1,2024-01-01 00:00:01.809,0.0423040137557102
H1,2024-01-01 00:00:01.810,0.0405997653230304
H1,2024-01-01 00:00:01.811,0.0391292200489148
H1,2024-01-01 00:00:01.812,0.0375295771528502
H1,2024-01-01 00:00:01.813,0.0351795165839909
H1,2024-01-01 00:00:01.814,0.032334607519317
H1,2024-01-01 00:00:01.815,0.0296164673331562
H1,2024-01-01 00:00:01.816,0.0264481591651521
H1,2024-01-01 00:00:01.817,0.023600402848888
H1,2024-01-01 00:00:01.818,0.0200929524049901
H1,2024-01-01 00:00:01.819,0.0164775572167187
H1,2024-01-01 00:00:01.820,0.0131213735517332
H1,2024-01-01 00:00:01.821,0.00962781432339684
H1,2024-01-01 00:00:01.822,0.00647380415347456
H1,2024-01-01 00:00:01.823,0.0041945279956611
H1,2024-01-01 00:00:01.824,0.00246800658386227
H1,2024-01-01 00:00:01.825,0.000287998254411329
H1,2024-01-01 00:00:01.826,-0.00163417982836435
H1,2024-01-01 00:00:01.827,-0.00394761690337042
H1,2024-01-01 00:00:01.828,-0.00504042727905682
H1,2024-01-01 00:00:01.829,-0.00559833047381847
H1,2024-01-01 00:00:01.830,-0.00543571728065164
H1,2024-01-01 00:00:01.831,-0.00565314640283987
H1,2024-01-01 00:00:01.832,-0.00614037027568895
H1,2024-01-01 00:00:01.833,-0.00563833009843929
H1,2024-01-01 00:00:01.834,-0.00530291309134713
H1,2024-01-01 00:00:01.835,-0.00448783614744059
H1,2024-01-01 00:00:01.836,-0.0037973781477362
H1,2024-01-01 00:00:01.837,-0.00334937695929688
H1,2024-01-01 00:00:01.838,-0.00330015822687002
H1,2024-01-01 00:00:01.839,-0.00301905996971623
H1,2024-01-01 00:00:01.840,-0.00310162431116338
H1,2024-01-01 00:00:01.841,-0.00278977994844125
H1,2024-01-01 00:00:01.842,-0.00207417504994947
H1,2024-01-01 00:00:01.843,-0.00091449820094701
H1,2024-01-01 00:00:01.844,6.0725778779025e-06
H1,2024-01-01 00:00:01.845,0.000197605962082606
H1,2024-01-01 00:00:01.846,0.000712909763197708
H1,2024-01-01 00:00:01.847,0.00121556976223025
H1,2024-01-01 00:00:01.848,0.000724237332132589
H1,2024-01-01 00:00:01.849,0.000237021873063587
H1,2024-01-01 00:00:01.850,-6.72103540743604e-05
H1,2024-01-01 00:00:01.851,-1.19557488704165e-05
H1,2024-01-01 00:00:01.852,-7.80693546439488e-05
H1,2024-01-01 00:00:01.853,0.000139153873617794
H1,2024-01-01 00:00:01.854,-0.000101297425824663
H1,2024-01-01 00:00:01.855,-0.000399383728471817
H1,2024-01-01 00:00:01.856,-0.00105840301912708
H1,2024-01-01 00:00:01.857,-0.00163299499972093
H1,2024-01-01 00:00:01.858,-0.00235571690959324
H1,2024-01-01 00:00:01.859,-0.00266156238763115
H1,2024-01-01 00:00:01.860,-0.0032809109080679
H1,2024-01-01 00:00:01.861,-0.00435742441287082
H1,2024-01-01 00:00:01.862,-0.00581646681047621
H1,2024-01-01 00:00:01.863,-0.00764880519615331
H1,2024-01-01 00:00:01.864,-0.00887781925703921
H1,2024-01-01 00:00:01.865,-0.00977560556788443
H1,2024-01-01 00:00:01.866,-0.0106963291885533
H1,2024-01-01 00:00:01.867,-0.0114351343423912
H1,2024-01-01 00:00:01.868,-0.0124317543519406
H1,2024-01-01 00:00:01.869,-0.0135750083160151
H1,2024-01-01 00:00:01.870,-0.0148403424392179
H1,2024-01-01 00:00:01.871,-0.0161570764103019
H1,2024-01-01 00:00:01.872,-0.0176896829953481
H1,2024-01-01 00:00:01.873,-0.0195136458816118
H1,2024-01-01 00:00:01.874,-0.0208657809228567
H1,2024-01-01 00:00:01.875,-0.0212769251602088
H1,2024-01-01 00:00:01.876,-0.0216373096493712
H1,2024-01-01 00:00:01.877,-0.0225495447130228
H1,2024-01-01 00:00:01.878,-0.0235382290138175
H1,2024-01-01 00:00:01.879,-0.0251220393616971
H1,2024-01-01 00:00:01.880,-0.0271445170907038
H1,2024-01-01 00:00:01.881,-0.0290327979075582
H1,2024-01-01 00:00:01.882,-0.0312215624407
H1,2024-01-01 00:00:01.883,-0.0336464336092077
H1,2024-01-01 00:00:01.884,-0.0354174116349701
H1,2024-01-01 00:00:01.885,-0.0372013412470588
H1,2024-01-01 00:00:01.886,-0.0390287413581376
H1,2024-01-01 00:00:01.887,-0.0409446783502961
H1,2024-01-01 00:00:01.888,-0.0416764995167295
H1,2024-01-01 00:00:01.889,-0.0425981223998241
H1,2024-01-01 00:00:01.890,-0.0435846480669344
H1,2024-01-01 00:00:01.891,-0.045114974940984
H1,2024-01-01 00:00:01.892,-0.0465474479784968
H1,2024-01-01 00:00:01.893,-0.0476585242387069
H1,2024-01-01 00:00:01.894,-0.0492127658088297
H1,2024-01-01 00:00:01.895,-0.0513208298184602
H1,2024-01-01 00:00:01.896,-0.0531428292977734
H1,2024-01-01 00:00:01.897,-0.055215679924253
H1,2024-01-01 00:00:01.898,-0.0578544769990016
H1,2024-01-01 00:00:01.899,-0.0604325781511545
H1,2024-01-01 00:00:01.900,-0.0633642513814308
H1,2024-01-01 00:00:01.901,-0.0663875138307788
H1,2024-01-01 00:00:01.902,-0.0703200693065906
H1,2024-01-01 00:00:01.903,-0.0745390017656141
H1,2024-01-01 00:00:01.904,-0.078385591716302
H1,2024-01-01 00:00:01.905,-0.0824201580939089
H1,2024-01-01 00:00:01.906,-0.0868275366762785
H1,2024-01-01 00:00:01.907,-0.0909060447953893
H1,2024-01-01 00:00:01.908,-0.094760011865375
H1,2024-01-01 00:00:01.909,-0.0986737223101911
H1,2024-01-01 00:00:01.910,-0.102648309071492
H1,2024-01-01 00:00:01.911,-0.106599012742944
H1,2024-01-01 00:00:01.912,-0.111035271175806
H1,2024-01-01 00:00:01.913,-0.115687693240426
H1,2024-01-01 00:00:01.914,-0.119467948871741
H1,2024-01-01 00:00:01.915,-0.122904455974014
H1,2024-01-01 00:00:01.916,-0.126472357236826
H1,2024-01-01 00:00:01.917,-0.129748572729877
H1,2024-01-01 00:00:01.918,-0.132404076809973
H1,2024-01-01 00:00:01.919,-0.134579883185476
H1,2024-01-01 00:00:01.920,-0.13619171545612
H1,2024-01-01 00:00:01.921,-0.137558685923873
H1,2024-01-01 00:00:01.922,-0.138087548613302
H1,2024-01-01 00:00:01.923,-0.139031848948683
H1,2024-01-01 00:00:01.924,-0.13894444183109
H1,2024-01-01 00:00:01.925,-0.138743522497094
H1,2024-01-01 00:00:01.926,-0.139015222147308
H1,2024-01-01 00:00:01.927,-0.138840165284555
H1,2024-01-01 00:00:01.928,-0.138248615341658
H1,2024-01-01 00:00:01.929,-0.138270516856836
H1,2024-01-01 00:00:01.930,-0.137695016673107
H1,2024-01-01 00:00:01.931,-0.13715255877329
H1,2024-01-01 00:00:01.932,-0.136991690650905
H1,2024-01-01 00:00:01.933,-0.136276736807811
H1,2024-01-01 00:00:01.934,-0.136488101145935
H1,2024-01-01 00:00:01.935,-0.137155486671728
H1,2024-01-01 00:00:01.936,-0.137370970101888
H1,2024-01-01 00:00:01.937,-0.137513580652805
H1,2024-01-01 00:00:01.938,-0.137657189607552
H1,2024-01-01 00:00:01.939,-0.137781708710965
H1,2024-01-01 00:00:01.940,-0.137391342644158
H1,2024-01-01 00:00:01.941,-0.136840813099026
H1,2024-01-01 00:00:01.942,-0.137145526135425
H1,2024-01-01 00:00:01.943,-0.137836401143836
H1,2024-01-01 00:00:01.944,-0.137962948814347
H1,2024-01-01 00:00:01.945,-0.138417932025778
H1,2024-01-01 00:00:01.946,-0.138888340550749
H1,2024-01-01 00:00:01.947,-0.138916571857839
H1,2024-01-01 00:00:01.948,-0.13986498277828
H1,2024-01-01 00:00:01.949,-0.140356530325262
H1,2024-01-01 00:00:01.950,-0.139871344462551
H1,2024-01-01 00:00:01.951,-0.139649686555457
H1,2024-01-01 00:00:01.952,-0.139853837150713
H1,2024-01-01 00:00:01.953,-0.139416491482206
H1,2024-01-01 00:00:01.954,-0.139585403308323
H1,2024-01-01 00:00:01.955,-0.139910364568627
H1,2024-01-01 00:00:01.956,-0.139351445228165
H1,2024-01-01 00:00:01.957,-0.139363689021705
H1,2024-01-01 00:00:01.958,-0.140078399947025
H1,2024-01-01 00:00:01.959,-0.141224556827211
H1,2024-01-01 00:00:01.960,-0.14183543902592
H1,2024-01-01 00:00:01.961,-0.142460368283139
H1,2024-01-01 00:00:01.962,-0.142985373275854
H1,2024-01-01 00:00:01.963,-0.14454585253612
H1,2024-01-01 00:00:01.964,-0.146706137597786
H1,2024-01-01 00:00:01.965,-0.148451306545077
H1,2024-01-01 00:00:01.966,-0.150880358801856
H1,2024-01-01 00:00:01.967,-0.152591966609735
H1,2024-01-01 00:00:01.968,-0.154175487783733
H1,2024-01-01 00:00:01.969,-0.155907032902306
H1,2024-01-01 00:00:01.970,-0.157570556961312
H1,2024-01-01 00:00:01.971,-0.15851032655845
H1,2024-01-01 00:00:01.972,-0.15907432811263
H1,2024-01-01 00:00:01.973,-0.159467988647962
H1,2024-01-01 00:00:01.974,-0.160326241254986
H1,2024-01-01 00:00:01.975,-0.160908454819831
H1,2024-01-01 00:00:01.976,-0.161811682494302
H1,2024-01-01 00:00:01.977,-0.162203404282227
H1,2024-01-01 00:00:01.978,-0.162109817570324
H1,2024-01-01 00:00:01.979,-0.162384552283237
H1,2024-01-01 00:00:01.980,-0.16221044938773
H1,2024-01-01 00:00:01.981,-0.162070576706045
H1,2024-01-01 00:00:01.982,-0.161537454359575
H1,2024-01-01 00:00:01.983,-0.161032940694439
H1,2024-01-01 00:00:01.984,-0.161194422487471
H1,2024-01-01 00:00:01.985,-0.160949976474337
H1,2024-01-01 00:00:01.986,-0.160915011660909
H1,2024-01-01 00:00:01.987,-0.161446588522875
H1,2024-01-01 00:00:01.988,-0.161961984828181
H1,2024-01-01 00:00:01.989,-0.162552695425864
H1,2024-01-01 00:00:01.990,-0.163396970303809
H1,2024-01-01 00:00:01.991,-0.164254017694134
H1,2024-01-01 00:00:01.992,-0.166344832296535
H1,2024-01-01 00:00:01.993,-0.168026292758018
H1,2024-01-01 00:00:01.994,-0.170032086108449
H1,2024-01-01 00:00:01.995,-0.171296061003577
H1,2024-01-01 00:00:01.996,-0.171782601384676
H1,2024-01-01 00:00:01.997,-0.173393460528058
H1,2024-01-01 00:00:01.998,-0.174460559688234
H1,2024-01-01 00:00:01.999,-0.174788555687841
