unique_id,ds,AutoNHITS,AutoNHITS-lo-90,AutoNHITS-lo-80,AutoNHITS-hi-80,AutoNHITS-hi-90
H1,2024-01-01 00:00:20.000,0.008525587,0.008123259,0.007929865,0.008489175,0.008547194
H1,2024-01-01 00:00:20.001,0.008236706,0.008481193,0.008009292,0.008291105,0.008280754
H1,2024-01-01 00:00:20.002,0.0076589454,0.009197064,0.00816815,0.007894959,0.00774787
H1,2024-01-01 00:00:20.003,0.008579101,0.009862956,0.008958552,0.009040181,0.008637711
H1,2024-01-01 00:00:20.004,0.010997173,0.010478867,0.010380499,0.011726765,0.010950275
H1,2024-01-01 00:00:20.005,0.009547435,0.008588716,0.008552229,0.009585066,0.009468503
H1,2024-01-01 00:00:20.006,0.004229896,0.0041925013,0.0034737485,0.0026150774,0.0041923933
H1,2024-01-01 00:00:20.007,0.0044909045,0.0051086843,0.0045302166,0.003391467,0.0046999827
H1,2024-01-01 00:00:20.008,0.010330491,0.011337254,0.011721633,0.011914231,0.010991277
H1,2024-01-01 00:00:20.009,0.010907918,0.01151114,0.012108587,0.013251299,0.011647083
H1,2024-01-01 00:00:20.010,0.006223198,0.005630333,0.0056910664,0.007402666,0.006667413
H1,2024-01-01 00:00:20.011,0.0047851354,0.003955608,0.00392545,0.005241044,0.0047635883
H1,2024-01-01 00:00:20.012,0.0065937266,0.006486967,0.0068117417,0.00676642,0.0059356205
H1,2024-01-01 00:00:20.013,0.008118093,0.008626156,0.009478707,0.008532422,0.007724751
H1,2024-01-01 00:00:20.014,0.00935824,0.010373183,0.011926326,0.0105390325,0.010130972
H1,2024-01-01 00:00:20.015,0.0070290715,0.0070627034,0.0073732007,0.0052625425,0.0068304986
H1,2024-01-01 00:00:20.016,0.0011305753,-0.001305284,-0.00418067,-0.0072970614,-0.0021767244
H1,2024-01-01 00:00:20.017,0.0033314596,0.0007397784,-0.0024925135,-0.004672967,0.00038916618
H1,2024-01-01 00:00:20.018,0.013631722,0.013197895,0.012437679,0.013134811,0.014528152
H1,2024-01-01 00:00:20.019,0.013114972,0.013424145,0.013574127,0.015129093,0.014567122
H1,2024-01-01 00:00:20.020,0.0017812103,0.0014185198,0.0009168349,0.0013098717,0.0005060807
H1,2024-01-01 00:00:20.021,-0.0024761073,-0.0024754144,-0.0028612828,-0.0036212169,-0.0041219145
H1,2024-01-01 00:00:20.022,0.00034299865,0.0017423518,0.0022397693,0.00033583492,0.0006831512
H1,2024-01-01 00:00:20.023,0.004638836,0.006247878,0.007910028,0.0056817234,0.0062243473
H1,2024-01-01 00:00:20.024,0.010411404,0.011041159,0.014149487,0.012416437,0.012501683
H1,2024-01-01 00:00:20.025,0.0056914687,0.005141467,0.008342981,0.0064147897,0.007348448
H1,2024-01-01 00:00:20.026,-0.009520981,-0.011451194,-0.0095094815,-0.012323227,-0.009235358
H1,2024-01-01 00:00:20.027,-0.006219223,-0.008704852,-0.0076000206,-0.009232335,-0.006739249
H1,2024-01-01 00:00:20.028,0.015596747,0.01338049,0.014071349,0.015687466,0.014836799
H1,2024-01-01 00:00:20.029,0.01800546,0.016238205,0.016621511,0.018925205,0.016999038
H1,2024-01-01 00:00:20.030,0.0010069413,-0.00013169833,5.0470233e-05,0.00048087537,-0.00025255233
H1,2024-01-01 00:00:20.031,-0.0047894567,-0.00497468,-0.0063641705,-0.0061629936,-0.00609177
H1,2024-01-01 00:00:20.032,0.0006162822,0.0017092563,-0.002622394,-0.0010064356,-0.00051861256
H1,2024-01-01 00:00:20.033,0.0066980235,0.008073516,0.003906548,0.0058123395,0.005846924
H1,2024-01-01 00:00:20.034,0.013455767,0.014118105,0.01322265,0.014293332,0.013004858
H1,2024-01-01 00:00:20.035,0.006119065,0.0075138435,0.006828718,0.007091798,0.0044991
H1,2024-01-01 00:00:20.036,-0.01531209,-0.011739265,-0.015275262,-0.015792266,-0.019670364
H1,2024-01-01 00:00:20.037,-0.0095520895,-0.008717138,-0.010624789,-0.011626333,-0.015150312
H1,2024-01-01 00:00:20.038,0.023399044,0.016580235,0.020780101,0.019589586,0.018059248
H1,2024-01-01 00:00:20.039,0.026342068,0.018789329,0.02402331,0.022573275,0.022533007
H1,2024-01-01 00:00:20.040,-0.0007230276,-0.0020898478,-0.00089517795,-0.0026752874,-0.0017290376
H1,2024-01-01 00:00:20.041,-0.010324867,-0.009793056,-0.009848509,-0.010690257,-0.009993739
H1,2024-01-01 00:00:20.042,-0.0024634488,-0.00432029,-0.0028366894,-0.0014716424,-0.0022611013
H1,2024-01-01 00:00:20.043,0.0058856225,0.004151944,0.0061467104,0.007527802,0.00637486
H1,2024-01-01 00:00:20.044,0.014722351,0.015623653,0.017101701,0.016308084,0.015914124
H1,2024-01-01 00:00:20.045,0.005293645,0.006700009,0.0071872957,0.0071422607,0.005035473
H1,2024-01-01 00:00:20.046,-0.022400491,-0.02261898,-0.023596503,-0.019969665,-0.026261121
H1,2024-01-01 00:00:20.047,-0.015429858,-0.017437328,-0.018714104,-0.014863454,-0.019003667
H1,2024-01-01 00:00:20.048,0.02620555,0.022244979,0.021834498,0.022460848,0.02680784
H1,2024-01-01 00:00:20.049,0.030057522,0.02680166,0.026119076,0.025996309,0.03275556
H1,2024-01-01 00:00:20.050,-0.0038739722,-0.0037672743,-0.0058603734,-0.0042570923,-0.0011604987
H1,2024-01-01 00:00:20.051,-0.015596691,-0.013906147,-0.01612087,-0.015354169,-0.013565484
H1,2024-01-01 00:00:20.052,-0.0051106308,-0.003614951,-0.004662428,-0.007294922,-0.004459392
H1,2024-01-01 00:00:20.053,0.0051332014,0.006140474,0.0067077256,0.003413306,0.0061735897
H1,2024-01-01 00:00:20.054,0.015134819,0.015360112,0.017989587,0.016770525,0.018333461
H1,2024-01-01 00:00:20.055,0.004015073,0.004261071,0.005965416,0.0048267776,0.005923412
H1,2024-01-01 00:00:20.056,-0.02822603,-0.027156668,-0.0293648,-0.032417946,-0.031056566
H1,2024-01-01 00:00:20.057,-0.021053858,-0.019826744,-0.022232553,-0.02511746,-0.024888692
H1,2024-01-01 00:00:20.058,0.025531601,0.026250836,0.027362155,0.026728243,0.024427034
H1,2024-01-01 00:00:20.059,0.031167507,0.030823233,0.033267215,0.033956643,0.031638682
H1,2024-01-01 00:00:20.060,-0.00414614,-0.0061095664,-0.00451738,-0.0034322534,-0.003253736
H1,2024-01-01 00:00:20.061,-0.016444277,-0.019109325,-0.017542206,-0.01626527,-0.016265215
H1,2024-01-01 00:00:20.062,-0.005726911,-0.008176029,-0.0058072805,-0.004542405,-0.007395759
H1,2024-01-01 00:00:20.063,0.005945988,0.0035428815,0.0072725527,0.0065484354,0.0031952336
H1,2024-01-01 00:00:20.064,0.018574413,0.01604743,0.021697283,0.017007262,0.015507755
H1,2024-01-01 00:00:20.065,0.0058626235,0.0036113346,0.0067628883,0.002667956,0.0034781247
H1,2024-01-01 00:00:20.066,-0.03218936,-0.033765405,-0.037530653,-0.036469474,-0.032893665
H1,2024-01-01 00:00:20.067,-0.025432652,-0.025122665,-0.029905735,-0.029353507,-0.025439825
H1,2024-01-01 00:00:20.068,0.026132736,0.029539559,0.029637642,0.024015881,0.025839636
H1,2024-01-01 00:00:20.069,0.032211043,0.03553784,0.038480826,0.032116733,0.03206159
H1,2024-01-01 00:00:20.070,-0.007197723,-0.00712787,-0.0033761896,-0.005050944,-0.006773941
H1,2024-01-01 00:00:20.071,-0.020769875,-0.021479776,-0.018898673,-0.018344114,-0.0207697
H1,2024-01-01 00:00:20.072,-0.008505421,-0.0075179003,-0.008086637,-0.007762771,-0.009925656
H1,2024-01-01 00:00:20.073,0.0044692797,0.0062099565,0.0049014464,0.005100066,0.003977917
H1,2024-01-01 00:00:20.074,0.018154226,0.019703787,0.020065561,0.020244382,0.020941058
H1,2024-01-01 00:00:20.075,0.0026859865,0.0050836205,0.0038013086,0.0053855274,0.0062300693
H1,2024-01-01 00:00:20.076,-0.04193545,-0.037650563,-0.04389129,-0.039476518,-0.04015506
H1,2024-01-01 00:00:20.077,-0.032371134,-0.028655954,-0.03469526,-0.029342832,-0.032037754
H1,2024-01-01 00:00:20.078,0.031378895,0.032067433,0.031389408,0.035786577,0.030582
H1,2024-01-01 00:00:20.079,0.040208742,0.038968593,0.04086771,0.04304546,0.03962601
H1,2024-01-01 00:00:20.080,-0.0058815926,-0.00795248,-0.0062603503,-0.007566206,-0.0049057305
H1,2024-01-01 00:00:20.081,-0.021434272,-0.023766998,-0.023031171,-0.025568053,-0.021219278
H1,2024-01-01 00:00:20.082,-0.006449295,-0.0084749665,-0.009444743,-0.010960098,-0.009314634
H1,2024-01-01 00:00:20.083,0.008244989,0.0056822654,0.0045353547,0.0045952722,0.0050318316
H1,2024-01-01 00:00:20.084,0.022648592,0.018704705,0.018909134,0.021098059,0.02182012
H1,2024-01-01 00:00:20.085,0.00454331,0.0007918589,0.00412504,0.0040688682,0.006620893
H1,2024-01-01 00:00:20.086,-0.046070866,-0.048056245,-0.03981692,-0.0464923,-0.040565845
H1,2024-01-01 00:00:20.087,-0.037845507,-0.037430745,-0.02996724,-0.037434805,-0.031930465
H1,2024-01-01 00:00:20.088,0.029219396,0.032668345,0.033674072,0.03124134,0.032527022
H1,2024-01-01 00:00:20.089,0.03855701,0.041991383,0.04025421,0.040019654,0.040505305
H1,2024-01-01 00:00:20.090,-0.009832658,-0.009461645,-0.010226842,-0.011099866,-0.007995613
H1,2024-01-01 00:00:20.091,-0.02659418,-0.02750315,-0.02814848,-0.028201886,-0.024755172
H1,2024-01-01 00:00:20.092,-0.011727557,-0.012133161,-0.013510715,-0.01128643,-0.009773362
H1,2024-01-01 00:00:20.093,0.0033453554,0.004227493,0.0033234693,0.0049673766,0.006367106
H1,2024-01-01 00:00:20.094,0.018624522,0.02157881,0.022354051,0.020559505,0.02366624
H1,2024-01-01 00:00:20.095,0.0002666125,0.002573043,0.0026637018,0.0019469708,0.0053318664
H1,2024-01-01 00:00:20.096,-0.051728383,-0.052789807,-0.055747576,-0.050870255,-0.04863604
H1,2024-01-01 00:00:20.097,-0.039732303,-0.04344155,-0.046050653,-0.04085048,-0.038031243
H1,2024-01-01 00:00:20.098,0.036254875,0.03061781,0.031754468,0.0320063,0.03714625
H1,2024-01-01 00:00:20.099,0.045741033,0.041152023,0.043455638,0.04162044,0.04669305
H1,2024-01-01 00:00:20.100,-0.011273816,-0.011838898,-0.0109471455,-0.012008067,-0.009390838
H1,2024-01-01 00:00:20.101,-0.030014884,-0.029777894,-0.02830448,-0.030076694,-0.028905425
H1,2024-01-01 00:00:20.102,-0.0104821585,-0.01266497,-0.008616393,-0.012585446,-0.011850707
H1,2024-01-01 00:00:20.103,0.006939946,0.0046647266,0.00850906,0.004925173,0.0053810477
H1,2024-01-01 00:00:20.104,0.022251435,0.022211187,0.02307187,0.022455152,0.022789836
H1,2024-01-01 00:00:20.105,0.0031941421,0.004417576,0.0044343546,0.0044861995,0.004403688
H1,2024-01-01 00:00:20.106,-0.050231926,-0.048716098,-0.047403477,-0.048981685,-0.04977741
H1,2024-01-01 00:00:20.107,-0.04050158,-0.03801942,-0.03608547,-0.037792854,-0.03726431
H1,2024-01-01 00:00:20.108,0.032385156,0.036507625,0.03838838,0.038052693,0.041942976
H1,2024-01-01 00:00:20.109,0.041706428,0.045864433,0.045810334,0.047211915,0.049801342
H1,2024-01-01 00:00:20.110,-0.012537785,-0.009949017,-0.01381962,-0.010315187,-0.0136892125
H1,2024-01-01 00:00:20.111,-0.030911751,-0.029386375,-0.0330818,-0.02964221,-0.03391439
H1,2024-01-01 00:00:20.112,-0.013415471,-0.01244764,-0.011976188,-0.010769136,-0.010874193
H1,2024-01-01 00:00:20.113,0.0053489553,0.0052924827,0.0075208284,0.0072258264,0.009169924
H1,2024-01-01 00:00:20.114,0.025381532,0.023833983,0.025409255,0.0243427,0.026217967
H1,2024-01-01 00:00:20.115,0.0056070015,0.0038329158,0.004204944,0.0058773607,0.0038419068
H1,2024-01-01 00:00:20.116,-0.053974632,-0.05471074,-0.056092113,-0.04817018,-0.057958268
H1,2024-01-01 00:00:20.117,-0.043242726,-0.043320462,-0.04496461,-0.038188297,-0.04716739
H1,2024-01-01 00:00:20.118,0.0378027,0.038003765,0.03758744,0.03582303,0.03621453
H1,2024-01-01 00:00:20.119,0.04857285,0.04783286,0.04716094,0.044804696,0.04744034
H1,2024-01-01 00:00:20.120,-0.010932274,-0.013833165,-0.016244113,-0.011243284,-0.013489949
H1,2024-01-01 00:00:20.121,-0.03248276,-0.03511256,-0.036952324,-0.030382305,-0.03328246
H1,2024-01-01 00:00:20.122,-0.016078584,-0.01600527,-0.014963696,-0.01261238,-0.011937175
H1,2024-01-01 00:00:20.123,0.0025921054,0.0040287673,0.0058016106,0.005706299,0.008238247
H1,2024-01-01 00:00:20.124,0.023529314,0.024989577,0.0253436,0.024573741,0.027243812
H1,2024-01-01 00:00:20.125,0.0048424825,0.0048701353,0.0044381134,0.003954542,0.0063628517
H1,2024-01-01 00:00:20.126,-0.05346842,-0.056329563,-0.056914855,-0.056151293,-0.05440465
H1,2024-01-01 00:00:20.127,-0.042269163,-0.044379324,-0.04578785,-0.045940116,-0.043327637
H1,2024-01-01 00:00:20.128,0.038440228,0.040720828,0.037819095,0.034588065,0.03959389
H1,2024-01-01 00:00:20.129,0.04795573,0.051042072,0.04784613,0.044387627,0.04864244
H1,2024-01-01 00:00:20.130,-0.013722658,-0.013415594,-0.015706765,-0.016541416,-0.016181976
H1,2024-01-01 00:00:20.131,-0.03442014,-0.036366407,-0.037186507,-0.036242414,-0.037509903
H1,2024-01-01 00:00:20.132,-0.014136702,-0.017810361,-0.016593114,-0.014715355,-0.015341336
H1,2024-01-01 00:00:20.133,0.0047221407,0.0015420802,0.0044605434,0.0058469847,0.0052516684
H1,2024-01-01 00:00:20.134,0.022156388,0.021690905,0.025974454,0.025444627,0.024269126
H1,2024-01-01 00:00:20.135,0.0029302426,0.00348733,0.0051629283,0.0034694984,0.0061956933
H1,2024-01-01 00:00:20.136,-0.052956276,-0.053068638,-0.05797404,-0.060078397,-0.048968635
H1,2024-01-01 00:00:20.137,-0.04117939,-0.041270517,-0.04861287,-0.0477468,-0.039810095
H1,2024-01-01 00:00:20.138,0.038260914,0.038881704,0.03324644,0.04046429,0.033671297
H1,2024-01-01 00:00:20.139,0.04738775,0.048285563,0.04386096,0.051288113,0.04157991
H1,2024-01-01 00:00:20.140,-0.013798863,-0.01305894,-0.01676929,-0.015275329,-0.016084272
H1,2024-01-01 00:00:20.141,-0.0342519,-0.034799907,-0.03655015,-0.036130667,-0.03483801
H1,2024-01-01 00:00:20.142,-0.013971351,-0.016937364,-0.015481606,-0.011277895,-0.014681313
H1,2024-01-01 00:00:20.143,0.0067961514,0.0027362509,0.005426417,0.009744473,0.0054610567
H1,2024-01-01 00:00:20.144,0.028050598,0.024220936,0.02617393,0.026936434,0.025589097
H1,2024-01-01 00:00:20.145,0.006992832,0.0040785028,0.0053965487,0.0063056126,0.005084805
H1,2024-01-01 00:00:20.146,-0.05637712,-0.057691053,-0.056905724,-0.052148007,-0.056051806
H1,2024-01-01 00:00:20.147,-0.047282383,-0.04667309,-0.047884155,-0.041899964,-0.04490304
H1,2024-01-01 00:00:20.148,0.03427709,0.037132382,0.032461263,0.037049774,0.038531117
H1,2024-01-01 00:00:20.149,0.044533834,0.046962436,0.04301703,0.04603967,0.047831148
H1,2024-01-01 00:00:20.150,-0.016512133,-0.017182935,-0.016216876,-0.014930289,-0.01700294
H1,2024-01-01 00:00:20.151,-0.03655921,-0.038023442,-0.035452794,-0.035393573,-0.03853358
H1,2024-01-01 00:00:20.152,-0.015607387,-0.015559046,-0.014690725,-0.015350178,-0.016760748
H1,2024-01-01 00:00:20.153,0.0060070083,0.005183898,0.005577557,0.0057174712,0.0052711405
H1,2024-01-01 00:00:20.154,0.028283983,0.024205394,0.025352072,0.02780936,0.027562099
H1,2024-01-01 00:00:20.155,0.005811479,0.0027073286,0.0024364088,0.008982658,0.005758222
H1,2024-01-01 00:00:20.156,-0.061410517,-0.059310306,-0.063169405,-0.050762624,-0.06014049
H1,2024-01-01 00:00:20.157,-0.05129256,-0.047683634,-0.05050014,-0.039612755,-0.049500376
H1,2024-01-01 00:00:20.158,0.036165327,0.037587345,0.0404442,0.042432263,0.037678547
H1,2024-01-01 00:00:20.159,0.0479336,0.047217667,0.05237385,0.04970943,0.04899865
H1,2024-01-01 00:00:20.160,-0.015987739,-0.018792652,-0.014711224,-0.017781239,-0.015540089
H1,2024-01-01 00:00:20.161,-0.037557334,-0.04054991,-0.038249373,-0.040040504,-0.03749175
H1,2024-01-01 00:00:20.162,-0.01677518,-0.01805411,-0.018240616,-0.017068358,-0.016856348
H1,2024-01-01 00:00:20.163,0.0034671426,0.0031074518,0.0034854896,0.0046700644,0.0040398594
H1,2024-01-01 00:00:20.164,0.02316963,0.02293478,0.026928943,0.025174765,0.025196867
H1,2024-01-01 00:00:20.165,0.0018999577,0.0014869887,0.0070158206,0.0044358484,0.0051216674
H1,2024-01-01 00:00:20.166,-0.060341865,-0.061235927,-0.056253873,-0.05754668,-0.05618576
H1,2024-01-01 00:00:20.167,-0.048543334,-0.047410533,-0.04800052,-0.043568008,-0.046195872
H1,2024-01-01 00:00:20.168,0.03729555,0.042963166,0.03177588,0.04637187,0.035091296
H1,2024-01-01 00:00:20.169,0.047737733,0.053441107,0.044171773,0.05474986,0.045237146
H1,2024-01-01 00:00:20.170,-0.017216796,-0.01597669,-0.010812838,-0.01843401,-0.01575835
H1,2024-01-01 00:00:20.171,-0.038882114,-0.039432846,-0.03054404,-0.04254956,-0.03777612
H1,2024-01-01 00:00:20.172,-0.017258234,-0.01692733,-0.015021842,-0.017596785,-0.020816173
H1,2024-01-01 00:00:20.173,0.0043928176,0.0048774667,0.0039158687,0.005590111,0.0019354373
H1,2024-01-01 00:00:20.174,0.026071034,0.02598156,0.026269082,0.027011141,0.030478692
H1,2024-01-01 00:00:20.175,0.004768919,0.0067931972,0.0039033964,0.006664306,0.011196841
H1,2024-01-01 00:00:20.176,-0.059513513,-0.052687593,-0.06318119,-0.05545038,-0.05591011
H1,2024-01-01 00:00:20.177,-0.04916632,-0.040722154,-0.05197599,-0.044384275,-0.045088485
H1,2024-01-01 00:00:20.178,0.035810504,0.042689536,0.037518974,0.039862603,0.043661736
H1,2024-01-01 00:00:20.179,0.046992473,0.05134584,0.048758782,0.049857333,0.053060792
H1,2024-01-01 00:00:20.180,-0.015620414,-0.014753217,-0.018256571,-0.014400093,-0.0168913
H1,2024-01-01 00:00:20.181,-0.037270363,-0.03752674,-0.04079202,-0.036092427,-0.040087715
H1,2024-01-01 00:00:20.182,-0.017957387,-0.016974729,-0.018847547,-0.015219644,-0.016528448
H1,2024-01-01 00:00:20.183,0.0045679696,0.005372461,0.004294729,0.0058863936,0.0065543763
H1,2024-01-01 00:00:20.184,0.030305702,0.029514834,0.028634809,0.027225718,0.029160753
H1,2024-01-01 00:00:20.185,0.009183404,0.008585054,0.0076155663,0.0073216837,0.007872727
H1,2024-01-01 00:00:20.186,-0.058798924,-0.05741685,-0.058763012,-0.053825688,-0.057309706
H1,2024-01-01 00:00:20.187,-0.047341526,-0.0453195,-0.047354795,-0.043136224,-0.044723358
H1,2024-01-01 00:00:20.188,0.043555606,0.044877104,0.041840225,0.039390087,0.045631766
H1,2024-01-01 00:00:20.189,0.05312872,0.054532405,0.052066036,0.04842045,0.055912253
H1,2024-01-01 00:00:20.190,-0.018622175,-0.016353596,-0.016677357,-0.016045116,-0.013881924
H1,2024-01-01 00:00:20.191,-0.04200467,-0.0398234,-0.039350547,-0.038693123,-0.03904795
H1,2024-01-01 00:00:20.192,-0.017018748,-0.015877012,-0.015953526,-0.019523561,-0.019585827
H1,2024-01-01 00:00:20.193,0.006658636,0.0068633966,0.006617939,0.0017754659,0.0028633997
H1,2024-01-01 00:00:20.194,0.029027488,0.028397825,0.028363831,0.025203984,0.028299756
H1,2024-01-01 00:00:20.195,0.0074067675,0.0073285997,0.0065014446,0.0057974383,0.007512644
H1,2024-01-01 00:00:20.196,-0.058203507,-0.056344263,-0.05896921,-0.056444176,-0.05949791
H1,2024-01-01 00:00:20.197,-0.04622326,-0.043365516,-0.046768606,-0.042716086,-0.04864045
H1,2024-01-01 00:00:20.198,0.04334753,0.046264857,0.04310324,0.046981703,0.040085025
H1,2024-01-01 00:00:20.199,0.05296618,0.05487293,0.052550696,0.056174405,0.05151488
H1,2024-01-01 00:00:20.200,-0.017367303,-0.017541297,-0.018426232,-0.015138,-0.0143508855
H1,2024-01-01 00:00:20.201,-0.041613862,-0.041729376,-0.041955296,-0.03931408,-0.036335956
H1,2024-01-01 00:00:20.202,-0.019773494,-0.017691292,-0.018036488,-0.016353846,-0.014440358
H1,2024-01-01 00:00:20.203,0.002209289,0.0062324405,0.005178377,0.005568236,0.007491067
H1,2024-01-01 00:00:20.204,0.024334494,0.030041832,0.027689315,0.026452161,0.029458314
H1,2024-01-01 00:00:20.205,0.0052881315,0.008780948,0.0055417363,0.006024495,0.0076528154
H1,2024-01-01 00:00:20.206,-0.054929826,-0.05755021,-0.06126435,-0.055714767,-0.057925425
H1,2024-01-01 00:00:20.207,-0.04371936,-0.045535993,-0.048840776,-0.044160698,-0.045631245
H1,2024-01-01 00:00:20.208,0.03891952,0.04482361,0.042812467,0.040686704,0.04453536
H1,2024-01-01 00:00:20.209,0.048488334,0.054418255,0.053191647,0.049192254,0.05385931
H1,2024-01-01 00:00:20.210,-0.0150129255,-0.01675208,-0.017703231,-0.018644037,-0.017659405
H1,2024-01-01 00:00:20.211,-0.036165584,-0.041068573,-0.04170131,-0.040447928,-0.041198507
H1,2024-01-01 00:00:20.212,-0.014969654,-0.018531252,-0.01880261,-0.016219422,-0.016758002
H1,2024-01-01 00:00:20.213,0.0065696947,0.0052522086,0.004306294,0.0066864043,0.0066732243
H1,2024-01-01 00:00:20.214,0.028452463,0.030281786,0.027625393,0.028269574,0.029095203
H1,2024-01-01 00:00:20.215,0.0077389255,0.008869529,0.006325494,0.0071408264,0.007790747
H1,2024-01-01 00:00:20.216,-0.05557093,-0.058984578,-0.059593394,-0.056699872,-0.05724014
H1,2024-01-01 00:00:20.217,-0.04128591,-0.045425206,-0.0461164,-0.04393767,-0.0443638
H1,2024-01-01 00:00:20.218,0.050593987,0.04954765,0.0467565,0.04542741,0.04641975
H1,2024-01-01 00:00:20.219,0.059905555,0.059955515,0.057553254,0.05506169,0.055659972
H1,2024-01-01 00:00:20.220,-0.013351209,-0.014201608,-0.013726138,-0.0150348395,-0.016643155
H1,2024-01-01 00:00:20.221,-0.038740523,-0.038900495,-0.038614143,-0.038640484,-0.039643664
H1,2024-01-01 00:00:20.222,-0.016262375,-0.014141157,-0.01711077,-0.015755259,-0.013341568
H1,2024-01-01 00:00:20.223,0.00633521,0.008610958,0.005138792,0.007436868,0.010400262
H1,2024-01-01 00:00:20.224,0.029052244,0.02935585,0.028134532,0.030935904,0.03158182
H1,2024-01-01 00:00:20.225,0.007941369,0.0060457834,0.007858846,0.008226652,0.008511743
H1,2024-01-01 00:00:20.226,-0.05699742,-0.061319243,-0.055688262,-0.06069088,-0.058809962
H1,2024-01-01 00:00:20.227,-0.04503875,-0.0489389,-0.04160493,-0.04649151,-0.04518735
H1,2024-01-01 00:00:20.228,0.043817397,0.0431868,0.050108854,0.050824765,0.049379565
H1,2024-01-01 00:00:20.229,0.053404737,0.0527237,0.057094563,0.061069876,0.057996914
H1,2024-01-01 00:00:20.230,-0.01627672,-0.020328224,-0.020647794,-0.015756167,-0.019335326
H1,2024-01-01 00:00:20.231,-0.03906449,-0.043911517,-0.045316942,-0.041080527,-0.044175558
H1,2024-01-01 00:00:20.232,-0.014958561,-0.018026218,-0.016912863,-0.014903203,-0.016523782
H1,2024-01-01 00:00:20.233,0.0071654255,0.005661357,0.006603446,0.009578973,0.0077475943
H1,2024-01-01 00:00:20.234,0.02730748,0.027151197,0.025231991,0.032366,0.028638557
H1,2024-01-01 00:00:20.235,0.0061618406,0.006883189,0.004825797,0.00954609,0.0066412278
H1,2024-01-01 00:00:20.236,-0.05627149,-0.055142675,-0.05461514,-0.05888077,-0.05824441
H1,2024-01-01 00:00:20.237,-0.043540686,-0.040133793,-0.03961549,-0.04561016,-0.04347257
H1,2024-01-01 00:00:20.238,0.0443542,0.05190983,0.049824767,0.049357917,0.050956763
H1,2024-01-01 00:00:20.239,0.054674365,0.059967846,0.058605757,0.058781438,0.060158327
H1,2024-01-01 00:00:20.240,-0.012580231,-0.015959766,-0.013272513,-0.017339624,-0.015867895
H1,2024-01-01 00:00:20.241,-0.03652964,-0.04188539,-0.03855382,-0.04304879,-0.04122916
H1,2024-01-01 00:00:20.242,-0.017173862,-0.01780904,-0.017238174,-0.018346075,-0.015925469
H1,2024-01-01 00:00:20.243,0.004851543,0.0069509447,0.006334247,0.00633646,0.008140389
H1,2024-01-01 00:00:20.244,0.029546581,0.03239456,0.03216342,0.030998811,0.030968416
H1,2024-01-01 00:00:20.245,0.007112153,0.011112083,0.009887811,0.007667966,0.008311426
H1,2024-01-01 00:00:20.246,-0.06245172,-0.056896485,-0.06049258,-0.06365606,-0.059830576
H1,2024-01-01 00:00:20.247,-0.048575997,-0.044517577,-0.04743464,-0.049464792,-0.047088318
H1,2024-01-01 00:00:20.248,0.048739344,0.048248775,0.049061634,0.0502418,0.046538204
H1,2024-01-01 00:00:20.249,0.0599849,0.05822441,0.059928745,0.06199941,0.057973303
H1,2024-01-01 00:00:20.250,-0.014839318,-0.014590714,-0.014833337,-0.014191948,-0.0127830375
H1,2024-01-01 00:00:20.251,-0.040434327,-0.039232623,-0.04080397,-0.040357355,-0.037206754
H1,2024-01-01 00:00:20.252,-0.01680012,-0.015701313,-0.017983165,-0.016496785,-0.015297882
H1,2024-01-01 00:00:20.253,0.0071510747,0.0075856075,0.0051889196,0.0078015057,0.0064972863
H1,2024-01-01 00:00:20.254,0.031419255,0.030628152,0.028712295,0.032537524,0.028178722
H1,2024-01-01 00:00:20.255,0.009548232,0.007394891,0.0070747286,0.01085132,0.006266907
H1,2024-01-01 00:00:20.256,-0.058462016,-0.06211417,-0.05972377,-0.05725708,-0.05923816
H1,2024-01-01 00:00:20.257,-0.04580305,-0.048126332,-0.04560739,-0.045807377,-0.044264287
H1,2024-01-01 00:00:20.258,0.047525115,0.049358435,0.049423862,0.045200437,0.051188536
H1,2024-01-01 00:00:20.259,0.059793364,0.060514998,0.061029017,0.055429682,0.061264522
H1,2024-01-01 00:00:20.260,-0.008998312,-0.014656648,-0.010791961,-0.015119672,-0.014036346
H1,2024-01-01 00:00:20.261,-0.0341348,-0.040194895,-0.036682926,-0.039464183,-0.040043622
H1,2024-01-01 00:00:20.262,-0.015616093,-0.01609974,-0.016643908,-0.01760383,-0.016757317
H1,2024-01-01 00:00:20.263,0.005334303,0.0072868727,0.004878437,0.004797645,0.005000744
H1,2024-01-01 00:00:20.264,0.028716384,0.029964942,0.027884094,0.027740255,0.025230564
H1,2024-01-01 00:00:20.265,0.007298827,0.008441888,0.006879717,0.00735496,0.0039033405
H1,2024-01-01 00:00:20.266,-0.05891837,-0.05728229,-0.058134705,-0.05635825,-0.058980916
H1,2024-01-01 00:00:20.267,-0.04547766,-0.046388086,-0.045317613,-0.04328184,-0.04366122
H1,2024-01-01 00:00:20.268,0.04762096,0.041124493,0.045330998,0.04658418,0.049862392
H1,2024-01-01 00:00:20.269,0.05733279,0.052305527,0.056097902,0.05704615,0.06025871
H1,2024-01-01 00:00:20.270,-0.016342163,-0.012844982,-0.013016901,-0.011895957,-0.0124722775
H1,2024-01-01 00:00:20.271,-0.040277455,-0.035800114,-0.037006676,-0.037035424,-0.037881494
H1,2024-01-01 00:00:20.272,-0.014473087,-0.016559884,-0.015871394,-0.018372223,-0.01596894
H1,2024-01-01 00:00:20.273,0.009063709,0.0049695224,0.0065983124,0.0037005004,0.006799264
H1,2024-01-01 00:00:20.274,0.030332923,0.02878812,0.030402452,0.029182754,0.030423127
H1,2024-01-01 00:00:20.275,0.008835508,0.0062814765,0.00782895,0.007872722,0.007947631
H1,2024-01-01 00:00:20.276,-0.055428565,-0.06255039,-0.061122194,-0.06022958,-0.06062725
H1,2024-01-01 00:00:20.277,-0.04300174,-0.050944053,-0.04849781,-0.0486719,-0.047669336
H1,2024-01-01 00:00:20.278,0.046115965,0.041100457,0.045702107,0.04254575,0.04682134
H1,2024-01-01 00:00:20.279,0.056121793,0.053558014,0.05733565,0.05473417,0.05812269
H1,2024-01-01 00:00:20.280,-0.012984294,-0.013571374,-0.013597202,-0.012106638,-0.013765302
H1,2024-01-01 00:00:20.281,-0.0367767,-0.03654649,-0.03765738,-0.035168532,-0.03931561
H1,2024-01-01 00:00:20.282,-0.015255436,-0.015367338,-0.014844889,-0.014451534,-0.018528227
H1,2024-01-01 00:00:20.283,0.0063953768,0.0066748857,0.008049984,0.0066477675,0.0033446625
H1,2024-01-01 00:00:20.284,0.028175745,0.029580167,0.031027239,0.028129369,0.026303096
H1,2024-01-01 00:00:20.285,0.00724189,0.0070867036,0.0073602013,0.005417932,0.0070385076
H1,2024-01-01 00:00:20.286,-0.056406178,-0.06080551,-0.06295113,-0.061486542,-0.05444907
H1,2024-01-01 00:00:20.287,-0.043490622,-0.049176063,-0.05248896,-0.049403884,-0.04366143
H1,2024-01-01 00:00:20.288,0.045988552,0.04197504,0.038746722,0.0416659,0.03940144
H1,2024-01-01 00:00:20.289,0.055947598,0.053535793,0.051331025,0.054767765,0.048947368
H1,2024-01-01 00:00:20.290,-0.013613488,-0.014493801,-0.014736045,-0.010098321,-0.015023692
H1,2024-01-01 00:00:20.291,-0.03782253,-0.038362272,-0.037401427,-0.033369757,-0.036709942
H1,2024-01-01 00:00:20.292,-0.016679522,-0.01806962,-0.016665109,-0.015046537,-0.016111404
H1,2024-01-01 00:00:20.293,0.004554242,0.003894235,0.0050274646,0.00460298,0.005023148
H1,2024-01-01 00:00:20.294,0.025878794,0.027529277,0.027676271,0.025578808,0.02669371
H1,2024-01-01 00:00:20.295,0.004089281,0.005860635,0.0054665376,0.0033108518,0.0054000933
H1,2024-01-01 00:00:20.296,-0.06081426,-0.061111707,-0.06160174,-0.062200874,-0.058857705
H1,2024-01-01 00:00:20.297,-0.047767494,-0.04876151,-0.050456967,-0.049320124,-0.04700059
H1,2024-01-01 00:00:20.298,0.043229602,0.042911224,0.03890087,0.041953087,0.04097143
H1,2024-01-01 00:00:20.299,0.054148514,0.054419942,0.050322838,0.05358942,0.05251962
H1,2024-01-01 00:00:20.300,-0.015010765,-0.01423534,-0.016191065,-0.014411148,-0.012355998
H1,2024-01-01 00:00:20.301,-0.039021574,-0.038492244,-0.037881054,-0.037252434,-0.03455466
H1,2024-01-01 00:00:20.302,-0.017883897,-0.018350735,-0.014747106,-0.014934417,-0.014076362
H1,2024-01-01 00:00:20.303,0.0040324167,0.0036443835,0.006988235,0.007222861,0.0062863985
H1,2024-01-01 00:00:20.304,0.026727362,0.027493142,0.027324975,0.029219419,0.026533628
H1,2024-01-01 00:00:20.305,0.005866796,0.006994646,0.0055115297,0.0077498006,0.0027393466
H1,2024-01-01 00:00:20.306,-0.05854928,-0.0578511,-0.05845211,-0.057186,-0.065096445
H1,2024-01-01 00:00:20.307,-0.047810573,-0.04618981,-0.047808476,-0.046634723,-0.052977227
H1,2024-01-01 00:00:20.308,0.038082924,0.041978523,0.03744243,0.039403636,0.039096974
H1,2024-01-01 00:00:20.309,0.048865154,0.053523846,0.048522137,0.049714915,0.051627323
H1,2024-01-01 00:00:20.310,-0.015463889,-0.011553854,-0.014569338,-0.015700877,-0.015386213
H1,2024-01-01 00:00:20.311,-0.03729271,-0.03476105,-0.0364694,-0.037930977,-0.038961112
H1,2024-01-01 00:00:20.312,-0.016621297,-0.016097754,-0.017178051,-0.016975384,-0.01909738
H1,2024-01-01 00:00:20.313,0.00447336,0.0036600493,0.0035975948,0.0034185462,0.001937002
H1,2024-01-01 00:00:20.314,0.025991265,0.024512356,0.025857545,0.02325081,0.02414202
H1,2024-01-01 00:00:20.315,0.0045435773,0.0050027147,0.0055601,0.0033620372,0.0042544454
H1,2024-01-01 00:00:20.316,-0.059869677,-0.054868862,-0.05729472,-0.05624778,-0.05772575
H1,2024-01-01 00:00:20.317,-0.050154425,-0.04334859,-0.0466497,-0.045997314,-0.046757154
H1,2024-01-01 00:00:20.318,0.033689365,0.03956353,0.037495162,0.034113437,0.037160195
H1,2024-01-01 00:00:20.319,0.04604818,0.04857565,0.048317734,0.04444509,0.047678065
H1,2024-01-01 00:00:20.320,-0.013077982,-0.016312197,-0.014181983,-0.01500237,-0.015203558
H1,2024-01-01 00:00:20.321,-0.03415726,-0.03850432,-0.035611197,-0.035048988,-0.037772387
H1,2024-01-01 00:00:20.322,-0.01718966,-0.01800064,-0.015969899,-0.015694741,-0.02002842
H1,2024-01-01 00:00:20.323,0.0013441741,0.002429884,0.0039637387,0.0036520585,0.00060917065
H1,2024-01-01 00:00:20.324,0.021444246,0.022787264,0.024189718,0.022991408,0.024140388
H1,2024-01-01 00:00:20.325,0.0019563325,0.0038264897,0.003228113,0.0033306368,0.0049049295
H1,2024-01-01 00:00:20.326,-0.05711957,-0.054452434,-0.058921117,-0.055330258,-0.05709721
H1,2024-01-01 00:00:20.327,-0.045645043,-0.042682543,-0.048414692,-0.04355292,-0.046897534
H1,2024-01-01 00:00:20.328,0.03637992,0.039136153,0.0347474,0.038662642,0.03550397
H1,2024-01-01 00:00:20.329,0.046468765,0.048133098,0.04578453,0.04740552,0.04519857
H1,2024-01-01 00:00:20.330,-0.015378512,-0.015691707,-0.015303308,-0.017324328,-0.017813727
H1,2024-01-01 00:00:20.331,-0.036075,-0.037339818,-0.036186352,-0.039108187,-0.038348358
H1,2024-01-01 00:00:20.332,-0.0156207215,-0.016811226,-0.016864598,-0.017946072,-0.016405325
H1,2024-01-01 00:00:20.333,0.0043766135,0.00393058,0.0039359443,0.0030507743,0.0044824313
H1,2024-01-01 00:00:20.334,0.023917012,0.024885628,0.026215259,0.023882363,0.024314921
H1,2024-01-01 00:00:20.335,0.0045504356,0.0036143512,0.0057930155,0.0061355196,0.004188003
H1,2024-01-01 00:00:20.336,-0.05372311,-0.059883237,-0.057330787,-0.05018975,-0.055898316
H1,2024-01-01 00:00:20.337,-0.04470112,-0.049293764,-0.047925375,-0.041559618,-0.04552461
H1,2024-01-01 00:00:20.338,0.031616397,0.035382774,0.03400925,0.03202592,0.035309173
H1,2024-01-01 00:00:20.339,0.041254416,0.046028014,0.04453256,0.040190607,0.04532028
H1,2024-01-01 00:00:20.340,-0.01578706,-0.017358037,-0.016355455,-0.01706555,-0.015491277
H1,2024-01-01 00:00:20.341,-0.035095133,-0.03867869,-0.037417393,-0.03641828,-0.036860086
H1,2024-01-01 00:00:20.342,-0.016669799,-0.01793395,-0.018653262,-0.017867597,-0.018786129
H1,2024-01-01 00:00:20.343,0.002706952,0.003121823,0.0015900545,0.001800783,0.0017734319
H1,2024-01-01 00:00:20.344,0.023035113,0.024488619,0.023312569,0.022586875,0.024818592
H1,2024-01-01 00:00:20.345,0.0038034474,0.004764788,0.0040801726,0.0024284348,0.0037665237
H1,2024-01-01 00:00:20.346,-0.054988053,-0.05604968,-0.05610713,-0.058674566,-0.061382774
H1,2024-01-01 00:00:20.347,-0.04385917,-0.04734432,-0.04534778,-0.047197297,-0.05168956
H1,2024-01-01 00:00:20.348,0.037190072,0.030880865,0.03635821,0.036860228,0.032846168
H1,2024-01-01 00:00:20.349,0.046162274,0.04138623,0.046685267,0.046863332,0.04449711
H1,2024-01-01 00:00:20.350,-0.016942557,-0.0158282,-0.014366597,-0.017187972,-0.016736716
H1,2024-01-01 00:00:20.351,-0.038375817,-0.035552986,-0.03515587,-0.038164027,-0.03685873
H1,2024-01-01 00:00:20.352,-0.018137485,-0.017788105,-0.01568254,-0.016064852,-0.015868919
H1,2024-01-01 00:00:20.353,0.00188113,0.0022725817,0.0048552835,0.005032789,0.0041851997
H1,2024-01-01 00:00:20.354,0.02168006,0.02462908,0.026457608,0.025128897,0.02330359
H1,2024-01-01 00:00:20.355,0.0037521683,0.005052753,0.0072576627,0.005551705,0.0024538897
H1,2024-01-01 00:00:20.356,-0.051902533,-0.056456417,-0.052744538,-0.053698793,-0.058363937
H1,2024-01-01 00:00:20.357,-0.042239763,-0.04753971,-0.042950206,-0.043826886,-0.048737276
H1,2024-01-01 00:00:20.358,0.03274051,0.03180287,0.036640644,0.035167433,0.03133387
H1,2024-01-01 00:00:20.359,0.041277807,0.04317531,0.046839125,0.044720672,0.0417374
H1,2024-01-01 00:00:20.360,-0.01662786,-0.01342239,-0.012354774,-0.015167166,-0.017526682
H1,2024-01-01 00:00:20.361,-0.036752425,-0.033772707,-0.032932848,-0.03447175,-0.03685146
H1,2024-01-01 00:00:20.362,-0.019095883,-0.017875642,-0.014895089,-0.013193071,-0.01623692
H1,2024-01-01 00:00:20.363,0.0007971376,0.0010729469,0.003633067,0.00705909,0.00383568
H1,2024-01-01 00:00:20.364,0.022926643,0.023073055,0.02265162,0.026284717,0.023366332
H1,2024-01-01 00:00:20.365,0.004300583,0.0043597054,0.0019898973,0.0042776316,0.0026002526
H1,2024-01-01 00:00:20.366,-0.055081017,-0.0550671,-0.058352087,-0.058962174,-0.058462568
H1,2024-01-01 00:00:20.367,-0.045783952,-0.04672551,-0.048643008,-0.049796574,-0.04929328
H1,2024-01-01 00:00:20.368,0.032191757,0.029384457,0.031117111,0.031774435,0.030108094
H1,2024-01-01 00:00:20.369,0.043326035,0.039623268,0.043402433,0.043104514,0.042667028
H1,2024-01-01 00:00:20.370,-0.0123811215,-0.01600907,-0.0117870495,-0.015806329,-0.011616465
H1,2024-01-01 00:00:20.371,-0.031173356,-0.034129914,-0.031035932,-0.035580553,-0.030944385
H1,2024-01-01 00:00:20.372,-0.013050666,-0.014739249,-0.014344219,-0.016218152,-0.015316718
H1,2024-01-01 00:00:20.373,0.005106777,0.004503168,0.0027420446,0.003092695,0.0025359686
H1,2024-01-01 00:00:20.374,0.023298979,0.023597315,0.020222858,0.022351995,0.022613676
H1,2024-01-01 00:00:20.375,0.0035913736,0.0038548335,0.00076212734,0.0023838282,0.002984894
H1,2024-01-01 00:00:20.376,-0.05401604,-0.054724295,-0.055640135,-0.056811802,-0.056350376
H1,2024-01-01 00:00:20.377,-0.044511274,-0.04460951,-0.045771528,-0.046968695,-0.04689245
H1,2024-01-01 00:00:20.378,0.032105684,0.034199215,0.030367948,0.03191314,0.031358693
H1,2024-01-01 00:00:20.379,0.042793,0.044685625,0.040219612,0.04245136,0.041177392
H1,2024-01-01 00:00:20.380,-0.012449337,-0.013150301,-0.016216531,-0.015354032,-0.01743633
H1,2024-01-01 00:00:20.381,-0.032324705,-0.03335879,-0.034657884,-0.034290217,-0.036723956
H1,2024-01-01 00:00:20.382,-0.016833104,-0.01593987,-0.015104438,-0.014357215,-0.01668549
H1,2024-01-01 00:00:20.383,0.0012981128,0.0029711875,0.004037164,0.0056012794,0.0031727515
H1,2024-01-01 00:00:20.384,0.02206897,0.023374382,0.022766916,0.025585227,0.022850774
H1,2024-01-01 00:00:20.385,0.0030834656,0.0030275476,0.004470732,0.006011676,0.0042514075
H1,2024-01-01 00:00:20.386,-0.055658393,-0.05806929,-0.050851382,-0.053119406,-0.05262535
H1,2024-01-01 00:00:20.387,-0.04763601,-0.048140503,-0.0415283,-0.04514575,-0.042715006
H1,2024-01-01 00:00:20.388,0.027150622,0.032813944,0.03243999,0.02993266,0.03398241
H1,2024-01-01 00:00:20.389,0.037928328,0.044065256,0.041949876,0.039654728,0.043149985
H1,2024-01-01 00:00:20.390,-0.015302889,-0.014386542,-0.012998613,-0.015979545,-0.0152123235
H1,2024-01-01 00:00:20.391,-0.03339134,-0.034080934,-0.031638183,-0.03403905,-0.03508937
H1,2024-01-01 00:00:20.392,-0.016337045,-0.015017917,-0.013968825,-0.0145237865,-0.016481161
H1,2024-01-01 00:00:20.393,0.0021692384,0.003923887,0.004328426,0.004395731,0.0041030543
H1,2024-01-01 00:00:20.394,0.02212749,0.022744473,0.02325358,0.022719502,0.026663275
H1,2024-01-01 00:00:20.395,0.0026651733,0.0024696812,0.0021454096,0.004072547,0.0069171432
H1,2024-01-01 00:00:20.396,-0.05621771,-0.05690048,-0.058996093,-0.05154515,-0.055135347
H1,2024-01-01 00:00:20.397,-0.047124647,-0.047864966,-0.048087977,-0.041924063,-0.04711026
H1,2024-01-01 00:00:20.398,0.029944364,0.029576212,0.034869757,0.03293582,0.030992404
H1,2024-01-01 00:00:20.399,0.0415412,0.040624447,0.04689772,0.04248669,0.041679636
H1,2024-01-01 00:00:20.400,-0.012334116,-0.014720269,-0.012004074,-0.01327144,-0.015048567
H1,2024-01-01 00:00:20.401,-0.030381672,-0.03367618,-0.032632455,-0.031664666,-0.03410915
H1,2024-01-01 00:00:20.402,-0.012601456,-0.016243305,-0.0149874315,-0.012692995,-0.015502114
H1,2024-01-01 00:00:20.403,0.005281433,0.0018621888,0.003734462,0.0067869686,0.0038325973
H1,2024-01-01 00:00:20.404,0.023266977,0.020640297,0.023533225,0.026775226,0.023894979
H1,2024-01-01 00:00:20.405,0.003372321,0.0012265295,0.0038430085,0.0048798006,0.004251208
H1,2024-01-01 00:00:20.406,-0.054402523,-0.05637911,-0.055336166,-0.058899302,-0.055098712
H1,2024-01-01 00:00:20.407,-0.046292204,-0.046561226,-0.046999287,-0.048586946,-0.04456021
H1,2024-01-01 00:00:20.408,0.027703265,0.03068019,0.028853666,0.035816874,0.035866722
H1,2024-01-01 00:00:20.409,0.038492694,0.04254035,0.041042984,0.04784897,0.045872048
H1,2024-01-01 00:00:20.410,-0.013923916,-0.010980742,-0.010431346,-0.012490597,-0.014544236
H1,2024-01-01 00:00:20.411,-0.03110968,-0.029496118,-0.028704245,-0.03359303,-0.03402085
H1,2024-01-01 00:00:20.412,-0.013064586,-0.013005769,-0.013775704,-0.015458267,-0.01255779
H1,2024-01-01 00:00:20.413,0.0060414895,0.0051926374,0.002442196,0.004944766,0.0065770256
H1,2024-01-01 00:00:20.414,0.026208535,0.025099102,0.019949473,0.02761609,0.023383608
H1,2024-01-01 00:00:20.415,0.0048869997,0.002868209,0.0014997311,0.0062587745,0.0018334431
H1,2024-01-01 00:00:20.416,-0.057923116,-0.061500028,-0.052907027,-0.059127174,-0.05807348
H1,2024-01-01 00:00:20.417,-0.050182097,-0.052063674,-0.04369477,-0.051628746,-0.04929492
H1,2024-01-01 00:00:20.418,0.028110076,0.031177277,0.029136501,0.028754063,0.028169122
H1,2024-01-01 00:00:20.419,0.041076858,0.045246243,0.040666513,0.041645125,0.03990417
H1,2024-01-01 00:00:20.420,-0.011281751,-0.009856768,-0.009104743,-0.012955569,-0.014089767
H1,2024-01-01 00:00:20.421,-0.028516151,-0.029288085,-0.026852533,-0.030816559,-0.03152033
H1,2024-01-01 00:00:20.422,-0.010626312,-0.013047691,-0.012576862,-0.011937857,-0.012387503
H1,2024-01-01 00:00:20.423,0.007212207,0.0055729942,0.004739318,0.007287815,0.006490167
H1,2024-01-01 00:00:20.424,0.024999434,0.026573975,0.025096005,0.026860453,0.02511269
H1,2024-01-01 00:00:20.425,0.0059751077,0.005672535,0.0058872844,0.0038443264,0.0046996996
H1,2024-01-01 00:00:20.426,-0.04986076,-0.057131313,-0.05288685,-0.061760563,-0.054748803
H1,2024-01-01 00:00:20.427,-0.041247204,-0.048074756,-0.044208318,-0.053115442,-0.04610673
H1,2024-01-01 00:00:20.428,0.031815764,0.03284221,0.03192287,0.029779693,0.030625898
H1,2024-01-01 00:00:20.429,0.041942477,0.045506425,0.043269075,0.043501318,0.042373076
H1,2024-01-01 00:00:20.430,-0.0108670555,-0.010082107,-0.010169713,-0.011950564,-0.010865228
H1,2024-01-01 00:00:20.431,-0.029225223,-0.029556148,-0.029590903,-0.03081421,-0.02949897
H1,2024-01-01 00:00:20.432,-0.013131991,-0.012915689,-0.014994474,-0.013089625,-0.013528146
H1,2024-01-01 00:00:20.433,0.0049622543,0.005424794,0.003529476,0.0053459927,0.004120413
H1,2024-01-01 00:00:20.434,0.02505752,0.025465302,0.025980933,0.024492659,0.023446716
H1,2024-01-01 00:00:20.435,0.0042988863,0.004497776,0.005396451,0.006260123,0.0035472475
H1,2024-01-01 00:00:20.436,-0.057313617,-0.057477772,-0.058223993,-0.049351603,-0.055577982
H1,2024-01-01 00:00:20.437,-0.04711261,-0.048803493,-0.049173765,-0.04139625,-0.047685657
H1,2024-01-01 00:00:20.438,0.034901932,0.030520633,0.032547105,0.030126184,0.027224222
H1,2024-01-01 00:00:20.439,0.048304163,0.043224797,0.045225017,0.04044684,0.0399864
H1,2024-01-01 00:00:20.440,-0.0069059245,-0.010691002,-0.011140056,-0.010434285,-0.009399112
H1,2024-01-01 00:00:20.441,-0.025923908,-0.029213611,-0.029749831,-0.027677998,-0.026187647
H1,2024-01-01 00:00:20.442,-0.008749776,-0.012343012,-0.010604316,-0.01128431,-0.010379173
H1,2024-01-01 00:00:20.443,0.0074723363,0.005746412,0.007695308,0.006397996,0.007728532
H1,2024-01-01 00:00:20.444,0.022742413,0.025054669,0.02514904,0.025368907,0.028135467
H1,2024-01-01 00:00:20.445,0.001135014,0.0041913614,0.004640594,0.005953785,0.006383106
H1,2024-01-01 00:00:20.446,-0.057349898,-0.056843504,-0.053830035,-0.05184737,-0.05752855
H1,2024-01-01 00:00:20.447,-0.047439054,-0.04708242,-0.04373283,-0.042732097,-0.047651295
H1,2024-01-01 00:00:20.448,0.03086754,0.033474617,0.034932204,0.033299606,0.03601487
H1,2024-01-01 00:00:20.449,0.044441365,0.045992058,0.04669365,0.044498004,0.049144827
H1,2024-01-01 00:00:20.450,-0.006717602,-0.009530102,-0.008448452,-0.009136897,-0.008261416
H1,2024-01-01 00:00:20.451,-0.025340147,-0.028635476,-0.026562653,-0.027104713,-0.027665976
H1,2024-01-01 00:00:20.452,-0.011426292,-0.011324041,-0.007648945,-0.009405442,-0.009068851
H1,2024-01-01 00:00:20.453,0.0062175356,0.00711534,0.010639645,0.009104073,0.008942379
H1,2024-01-01 00:00:20.454,0.027591344,0.026682679,0.028303096,0.028423876,0.02636771
H1,2024-01-01 00:00:20.455,0.006717488,0.0049882373,0.0065500923,0.00861226,0.006120689
H1,2024-01-01 00:00:20.456,-0.056404058,-0.05796798,-0.05461936,-0.05033075,-0.051798675
H1,2024-01-01 00:00:20.457,-0.047654558,-0.047312953,-0.045518905,-0.04129433,-0.041848343
H1,2024-01-01 00:00:20.458,0.032965988,0.0369533,0.033851482,0.035721526,0.035971683
H1,2024-01-01 00:00:20.459,0.045549445,0.049827978,0.04638926,0.045746516,0.04677315
H1,2024-01-01 00:00:20.460,-0.009904161,-0.008688942,-0.007905601,-0.011219338,-0.009443946
H1,2024-01-01 00:00:20.461,-0.028245183,-0.02889935,-0.026194658,-0.02892683,-0.028208733
H1,2024-01-01 00:00:20.462,-0.009473623,-0.010803235,-0.0084779225,-0.0073759817,-0.009521209
H1,2024-01-01 00:00:20.463,0.008475743,0.007184699,0.009537015,0.011800431,0.008343257
H1,2024-01-01 00:00:20.464,0.025602913,0.025064453,0.027850159,0.028602406,0.025384694
H1,2024-01-01 00:00:20.465,0.005467627,0.0037580766,0.007407173,0.0062032323,0.0069736317
H1,2024-01-01 00:00:20.466,-0.051930107,-0.056734417,-0.051791947,-0.05539709,-0.046889894
H1,2024-01-01 00:00:20.467,-0.041639224,-0.048222013,-0.042230792,-0.04531379,-0.036316324
H1,2024-01-01 00:00:20.468,0.036340296,0.029295288,0.036090635,0.036453158,0.038694356
H1,2024-01-01 00:00:20.469,0.047348157,0.042979714,0.04760249,0.049237832,0.047946524
H1,2024-01-01 00:00:20.470,-0.0086156055,-0.007168725,-0.0076952428,-0.00695974,-0.008559826
H1,2024-01-01 00:00:20.471,-0.027462948,-0.024547707,-0.026665129,-0.025565986,-0.02813568
H1,2024-01-01 00:00:20.472,-0.009193851,-0.009157189,-0.009307161,-0.0065808967,-0.010781042
H1,2024-01-01 00:00:20.473,0.00897783,0.0073614903,0.008646715,0.011873253,0.008086257
H1,2024-01-01 00:00:20.474,0.027052097,0.025008328,0.027196512,0.029796466,0.028466202
H1,2024-01-01 00:00:20.475,0.006767137,0.0062190257,0.0073397458,0.008519921,0.008616118
H1,2024-01-01 00:00:20.476,-0.051877048,-0.049006432,-0.050923627,-0.051956378,-0.051463995
H1,2024-01-01 00:00:20.477,-0.041745014,-0.038977865,-0.040828627,-0.042451046,-0.041563116
H1,2024-01-01 00:00:20.478,0.037163217,0.036304727,0.03762474,0.037035942,0.038318764
H1,2024-01-01 00:00:20.479,0.046474654,0.04541648,0.049009796,0.047921404,0.0478241
H1,2024-01-01 00:00:20.480,-0.013810705,-0.0116426125,-0.0066734627,-0.009794654,-0.013047099
H1,2024-01-01 00:00:20.481,-0.032106183,-0.03095041,-0.026084233,-0.029194178,-0.03278929
H1,2024-01-01 00:00:20.482,-0.008411765,-0.012506908,-0.009222545,-0.010277165,-0.011402473
H1,2024-01-01 00:00:20.483,0.012422316,0.0071582687,0.010113612,0.008780489,0.008986145
H1,2024-01-01 00:00:20.484,0.030396093,0.02804514,0.03192424,0.027978789,0.028376535
H1,2024-01-01 00:00:20.485,0.00790264,0.009697337,0.012068652,0.007840842,0.0082331225
H1,2024-01-01 00:00:20.486,-0.055058025,-0.047885127,-0.049453154,-0.05163333,-0.051444106
H1,2024-01-01 00:00:20.487,-0.045376033,-0.039194614,-0.041164853,-0.041117407,-0.041920107
H1,2024-01-01 00:00:20.488,0.036948618,0.035768874,0.03693357,0.03938862,0.036805134
H1,2024-01-01 00:00:20.489,0.048845224,0.045689378,0.047744233,0.049220372,0.047925215
H1,2024-01-01 00:00:20.490,-0.009686216,-0.00943309,-0.008732833,-0.011622153,-0.008559871
H1,2024-01-01 00:00:20.491,-0.028657071,-0.027821422,-0.02757936,-0.03202267,-0.026765456
H1,2024-01-01 00:00:20.492,-0.008067314,-0.009475626,-0.008795351,-0.011981182,-0.0066915452
H1,2024-01-01 00:00:20.493,0.010276303,0.009858504,0.010415487,0.008788815,0.012404054
H1,2024-01-01 00:00:20.494,0.026373798,0.030180963,0.030053146,0.030287335,0.030521356
H1,2024-01-01 00:00:20.495,0.004757339,0.009362962,0.009028047,0.008661581,0.009314626
H1,2024-01-01 00:00:20.496,-0.054573078,-0.052595496,-0.05265981,-0.056088448,-0.05121614
H1,2024-01-01 00:00:20.497,-0.043329,-0.044279348,-0.042385377,-0.046717025,-0.040781707
H1,2024-01-01 00:00:20.498,0.038489588,0.0343114,0.039851323,0.036775857,0.040617913
H1,2024-01-01 00:00:20.499,0.050217498,0.046443276,0.051339604,0.05054642,0.051513568
H1,2024-01-01 00:00:20.500,-0.008145269,-0.007883728,-0.0079205455,-0.0054053105,-0.008094758
H1,2024-01-01 00:00:20.501,-0.026887838,-0.025788844,-0.02759474,-0.024179198,-0.02793331
H1,2024-01-01 00:00:20.502,-0.0060102176,-0.007272048,-0.007682955,-0.005775241,-0.008002093
H1,2024-01-01 00:00:20.503,0.012133844,0.011179294,0.0114403805,0.012016185,0.010255636
H1,2024-01-01 00:00:20.504,0.027544348,0.029565193,0.029775275,0.029195065,0.026839886
H1,2024-01-01 00:00:20.505,0.0066892207,0.008786759,0.007858964,0.008396953,0.0051930808
H1,2024-01-01 00:00:20.506,-0.050431527,-0.051156018,-0.05430852,-0.050378136,-0.054684732
H1,2024-01-01 00:00:20.507,-0.0401295,-0.039359044,-0.04435723,-0.03913465,-0.044698857
H1,2024-01-01 00:00:20.508,0.037595283,0.04417768,0.03771285,0.042127416,0.03515072
H1,2024-01-01 00:00:20.509,0.048550677,0.054503344,0.049645506,0.05242105,0.047279302
H1,2024-01-01 00:00:20.510,-0.00726334,-0.0083820205,-0.0085592605,-0.008253749,-0.008313119
H1,2024-01-01 00:00:20.511,-0.025974981,-0.02911733,-0.027317729,-0.027848642,-0.026035435
H1,2024-01-01 00:00:20.512,-0.0075842664,-0.0077025946,-0.006629914,-0.006363634,-0.00588765
H1,2024-01-01 00:00:20.513,0.011068873,0.011604138,0.012103997,0.012827173,0.011673473
H1,2024-01-01 00:00:20.514,0.029984437,0.028802857,0.028884007,0.029723788,0.026647918
H1,2024-01-01 00:00:20.515,0.008759946,0.008378401,0.008201995,0.008971842,0.0054383576
H1,2024-01-01 00:00:20.516,-0.05260461,-0.04966924,-0.04994204,-0.04942866,-0.051955245
H1,2024-01-01 00:00:20.517,-0.042411625,-0.03957322,-0.039770417,-0.039466783,-0.040716585
H1,2024-01-01 00:00:20.518,0.039338887,0.03866645,0.03871687,0.03885747,0.03915436
H1,2024-01-01 00:00:20.519,0.050885417,0.049314052,0.04904052,0.048833102,0.049835116
H1,2024-01-01 00:00:20.520,-0.007772036,-0.0076304376,-0.008799478,-0.009539876,-0.0086743105
H1,2024-01-01 00:00:20.521,-0.026955783,-0.026917271,-0.027705677,-0.028595284,-0.028554872
H1,2024-01-01 00:00:20.522,-0.0066658286,-0.008546472,-0.007678071,-0.008333107,-0.009806545
H1,2024-01-01 00:00:20.523,0.010851275,0.009922683,0.010263871,0.011107201,0.0076657906
H1,2024-01-01 00:00:20.524,0.02559553,0.0284902,0.026120164,0.02972566,0.023862131
H1,2024-01-01 00:00:20.525,0.0063237995,0.00843171,0.005812023,0.0090876,0.0053568706
H1,2024-01-01 00:00:20.526,-0.04696389,-0.05025278,-0.05066054,-0.05080699,-0.04785001
H1,2024-01-01 00:00:20.527,-0.037112962,-0.039503403,-0.039514653,-0.042259417,-0.03748869
H1,2024-01-01 00:00:20.528,0.03587658,0.04067983,0.03924967,0.034730323,0.036440816
H1,2024-01-01 00:00:20.529,0.045248218,0.05089641,0.0498024,0.045367524,0.045439444
H1,2024-01-01 00:00:20.530,-0.008998044,-0.00885367,-0.00785649,-0.010347828,-0.010492805
H1,2024-01-01 00:00:20.531,-0.026712086,-0.028682537,-0.027176384,-0.02800133,-0.028895505
H1,2024-01-01 00:00:20.532,-0.007893899,-0.008590192,-0.008157279,-0.0075929984,-0.00976865
H1,2024-01-01 00:00:20.533,0.009645496,0.010053195,0.010277472,0.011041742,0.009641565
H1,2024-01-01 00:00:20.534,0.0259061,0.027247611,0.028127871,0.027902897,0.029335145
H1,2024-01-01 00:00:20.535,0.0059552565,0.0075857975,0.008859962,0.0066723134,0.009618562
H1,2024-01-01 00:00:20.536,-0.050207015,-0.048932254,-0.047526255,-0.05265001,-0.049508184
H1,2024-01-01 00:00:20.537,-0.038376853,-0.037691977,-0.036320485,-0.041515376,-0.040142246
H1,2024-01-01 00:00:20.538,0.041445762,0.04130663,0.04247731,0.04007621,0.03771636
H1,2024-01-01 00:00:20.539,0.051575013,0.05115893,0.051461127,0.05042855,0.048140742
H1,2024-01-01 00:00:20.540,-0.007989094,-0.008135062,-0.009369036,-0.010458358,-0.008869056
H1,2024-01-01 00:00:20.541,-0.028166145,-0.027300712,-0.029309027,-0.030549493,-0.028308753
H1,2024-01-01 00:00:20.542,-0.0089561585,-0.0063380245,-0.008358836,-0.009844858,-0.01017833
H1,2024-01-01 00:00:20.543,0.008568826,0.01151773,0.010270638,0.009428021,0.00804945
H1,2024-01-01 00:00:20.544,0.024408827,0.02626656,0.026579386,0.027269142,0.02637459
H1,2024-01-01 00:00:20.545,0.005389519,0.006522242,0.006237313,0.00836893,0.007148858
H1,2024-01-01 00:00:20.546,-0.0484891,-0.047715217,-0.05075556,-0.047272608,-0.049627755
H1,2024-01-01 00:00:20.547,-0.03720112,-0.036724772,-0.038570292,-0.037456796,-0.03882067
H1,2024-01-01 00:00:20.548,0.039253443,0.03949359,0.042793117,0.037816375,0.039570093
H1,2024-01-01 00:00:20.549,0.049907863,0.04904899,0.05340541,0.046878472,0.050385863
H1,2024-01-01 00:00:20.550,-0.0052378383,-0.008058565,-0.006733373,-0.010270514,-0.0063733608
H1,2024-01-01 00:00:20.551,-0.024342969,-0.02783787,-0.026907474,-0.028988158,-0.02569485
H1,2024-01-01 00:00:20.552,-0.007407548,-0.010288935,-0.007116899,-0.00927446,-0.007578604
H1,2024-01-01 00:00:20.553,0.01027686,0.0083888285,0.011171207,0.009066423,0.010622203
H1,2024-01-01 00:00:20.554,0.028710252,0.028195422,0.027956828,0.0260345,0.028907597
H1,2024-01-01 00:00:20.555,0.0094631575,0.0083405245,0.0075115263,0.006568782,0.009377377
H1,2024-01-01 00:00:20.556,-0.047464408,-0.05117586,-0.050164692,-0.04933075,-0.04796844
H1,2024-01-01 00:00:20.557,-0.03776127,-0.040229276,-0.03900804,-0.039141305,-0.03650618
H1,2024-01-01 00:00:20.558,0.0385726,0.041180283,0.0409815,0.037137084,0.043764155
H1,2024-01-01 00:00:20.559,0.04837486,0.0526105,0.05179157,0.04606929,0.053705126
H1,2024-01-01 00:00:20.560,-0.008354478,-0.0059386063,-0.006577822,-0.012344701,-0.0066832826
H1,2024-01-01 00:00:20.561,-0.028017234,-0.026285952,-0.026571736,-0.03042459,-0.027645549
H1,2024-01-01 00:00:20.562,-0.010613424,-0.008431524,-0.008190174,-0.008170377,-0.009181686
H1,2024-01-01 00:00:20.563,0.00879176,0.009071909,0.00916079,0.0096499855,0.007934686
H1,2024-01-01 00:00:20.564,0.03019831,0.026224341,0.02548115,0.023036487,0.023703549
H1,2024-01-01 00:00:20.565,0.011222959,0.0072354805,0.0065563656,0.0035325624,0.0049518887
H1,2024-01-01 00:00:20.566,-0.048134305,-0.04789467,-0.04761356,-0.048861783,-0.048320293
H1,2024-01-01 00:00:20.567,-0.039904818,-0.036411963,-0.035905045,-0.03699453,-0.03587488
H1,2024-01-01 00:00:20.568,0.03591142,0.041683607,0.04168193,0.03913431,0.042288147
H1,2024-01-01 00:00:20.569,0.04689248,0.05145032,0.051403463,0.048889045,0.051504306
H1,2024-01-01 00:00:20.570,-0.006961627,-0.0071118325,-0.0067404136,-0.0077303164,-0.008226393
H1,2024-01-01 00:00:20.571,-0.026169414,-0.027929306,-0.02791366,-0.027729012,-0.028153185
H1,2024-01-01 00:00:20.572,-0.010730872,-0.011002103,-0.012116283,-0.011107013,-0.008276023
H1,2024-01-01 00:00:20.573,0.0065555926,0.00800324,0.0059325667,0.0068533253,0.009579062
H1,2024-01-01 00:00:20.574,0.025689986,0.029086733,0.02623289,0.026152017,0.025412116
H1,2024-01-01 00:00:20.575,0.006983392,0.011819184,0.008854069,0.008678122,0.006704256
H1,2024-01-01 00:00:20.576,-0.0495642,-0.043799408,-0.046203896,-0.045568354,-0.046544533
H1,2024-01-01 00:00:20.577,-0.03767911,-0.034309026,-0.037176494,-0.034772214,-0.035525545
H1,2024-01-01 00:00:20.578,0.042638663,0.04029034,0.035936296,0.041066535,0.039761208
H1,2024-01-01 00:00:20.579,0.05264668,0.0491929,0.045046672,0.050300445,0.04935208
H1,2024-01-01 00:00:20.580,-0.007655032,-0.007601306,-0.009845365,-0.007070519,-0.0067529343
H1,2024-01-01 00:00:20.581,-0.027687557,-0.025976906,-0.028349057,-0.027637765,-0.026424143
H1,2024-01-01 00:00:20.582,-0.007450849,-0.005933876,-0.010464393,-0.011401287,-0.009661535
H1,2024-01-01 00:00:20.583,0.009088792,0.011857774,0.0069899,0.005875146,0.0069190376
H1,2024-01-01 00:00:20.584,0.021931386,0.02739806,0.024013836,0.024191536,0.023317575
H1,2024-01-01 00:00:20.585,0.0025666277,0.008496333,0.0062494203,0.0068372227,0.0064141564
H1,2024-01-01 00:00:20.586,-0.04900548,-0.044847403,-0.04630335,-0.046187773,-0.04379122
H1,2024-01-01 00:00:20.587,-0.035356604,-0.033602662,-0.035937954,-0.035645586,-0.031748317
H1,2024-01-01 00:00:20.588,0.043513246,0.04223054,0.037345618,0.038463797,0.042542852
H1,2024-01-01 00:00:20.589,0.052199744,0.050474964,0.045936096,0.048448958,0.050171584
H1,2024-01-01 00:00:20.590,-0.009297129,-0.008869402,-0.0101665035,-0.005690098,-0.00886214
H1,2024-01-01 00:00:20.591,-0.02987906,-0.028399542,-0.02893266,-0.025452673,-0.028209098
H1,2024-01-01 00:00:20.592,-0.009546071,-0.00811547,-0.010362357,-0.010838743,-0.007869311
H1,2024-01-01 00:00:20.593,0.010024354,0.01105411,0.0077863093,0.007041175,0.0100743845
H1,2024-01-01 00:00:20.594,0.028832208,0.029109195,0.025513344,0.028187092,0.025621995
H1,2024-01-01 00:00:20.595,0.010500558,0.009133552,0.008492179,0.009479766,0.0057401657
H1,2024-01-01 00:00:20.596,-0.04497061,-0.04887279,-0.043277178,-0.049080774,-0.049571082
H1,2024-01-01 00:00:20.597,-0.03551786,-0.038897626,-0.03417799,-0.039760217,-0.03705899
H1,2024-01-01 00:00:20.598,0.038858805,0.03905905,0.035789754,0.037441462,0.043276474
H1,2024-01-01 00:00:20.599,0.047901936,0.04904384,0.044825982,0.04807231,0.05257175
H1,2024-01-01 00:00:20.600,-0.008388441,-0.008943271,-0.0070693195,-0.007867681,-0.009173162
H1,2024-01-01 00:00:20.601,-0.02734962,-0.029282764,-0.024808332,-0.026902318,-0.029232012
H1,2024-01-01 00:00:20.602,-0.0089815855,-0.011974648,-0.0083910655,-0.009031609,-0.0076047704
H1,2024-01-01 00:00:20.603,0.0089548975,0.0068139434,0.008832816,0.008816145,0.0110821575
H1,2024-01-01 00:00:20.604,0.026459865,0.027082983,0.02686331,0.026640952,0.026828766
H1,2024-01-01 00:00:20.605,0.0083291475,0.008988746,0.009543229,0.008962929,0.008015487
H1,2024-01-01 00:00:20.606,-0.04543726,-0.047468774,-0.043127455,-0.0442179,-0.045357652
H1,2024-01-01 00:00:20.607,-0.034701403,-0.038365126,-0.032621376,-0.0341085,-0.035527296
H1,2024-01-01 00:00:20.608,0.04053673,0.036299706,0.041061446,0.03929112,0.037506547
H1,2024-01-01 00:00:20.609,0.050045528,0.046102826,0.049872644,0.047075134,0.04667833
H1,2024-01-01 00:00:20.610,-0.0061749965,-0.008955717,-0.0061877817,-0.010756468,-0.008011958
H1,2024-01-01 00:00:20.611,-0.02456549,-0.02705136,-0.026110416,-0.028640753,-0.027013198
H1,2024-01-01 00:00:20.612,-0.0051259473,-0.008184113,-0.009895273,-0.006577708,-0.010325393
H1,2024-01-01 00:00:20.613,0.012263846,0.011271134,0.008239415,0.012393523,0.007982624
H1,2024-01-01 00:00:20.614,0.027603868,0.031314388,0.028293662,0.028272944,0.027910851
H1,2024-01-01 00:00:20.615,0.009301443,0.012145972,0.011768423,0.009357415,0.011535203
H1,2024-01-01 00:00:20.616,-0.042643428,-0.046234127,-0.041336283,-0.04435306,-0.04114432
H1,2024-01-01 00:00:20.617,-0.033816356,-0.037654977,-0.030159533,-0.03325476,-0.032333814
H1,2024-01-01 00:00:20.618,0.035782658,0.037883423,0.04529864,0.04265232,0.03796674
H1,2024-01-01 00:00:20.619,0.04390701,0.04745535,0.052869402,0.051382847,0.046163004
H1,2024-01-01 00:00:20.620,-0.009443305,-0.008939192,-0.0074472725,-0.0070631504,-0.0077450145
H1,2024-01-01 00:00:20.621,-0.026615493,-0.027705729,-0.027643781,-0.026195366,-0.025932323
H1,2024-01-01 00:00:20.622,-0.0076095425,-0.008844264,-0.0077201426,-0.0060138013,-0.0083989315
H1,2024-01-01 00:00:20.623,0.009673841,0.009813938,0.011385212,0.012189619,0.010285464
H1,2024-01-01 00:00:20.624,0.025234643,0.028268855,0.029672261,0.028414879,0.030120865
H1,2024-01-01 00:00:20.625,0.0074219443,0.010207497,0.011623111,0.010238938,0.011745952
H1,2024-01-01 00:00:20.626,-0.04376426,-0.044370107,-0.042762242,-0.042338237,-0.044839274
H1,2024-01-01 00:00:20.627,-0.032693446,-0.03383264,-0.033235174,-0.032594603,-0.033463337
H1,2024-01-01 00:00:20.628,0.040634386,0.041819923,0.040204313,0.039469846,0.04587377
H1,2024-01-01 00:00:20.629,0.04947897,0.050436273,0.048779514,0.04716619,0.055436604
H1,2024-01-01 00:00:20.630,-0.0061597065,-0.007983606,-0.0075095743,-0.009505554,-0.0047748312
H1,2024-01-01 00:00:20.631,-0.024758466,-0.027528837,-0.025593728,-0.027036654,-0.025497448
H1,2024-01-01 00:00:20.632,-0.00631734,-0.008199424,-0.0054729655,-0.005427121,-0.0067312606
H1,2024-01-01 00:00:20.633,0.011263832,0.011820178,0.014009837,0.013631899,0.0120097995
H1,2024-01-01 00:00:20.634,0.027985033,0.032529965,0.032854676,0.030140411,0.030725729
H1,2024-01-01 00:00:20.635,0.008688264,0.013695047,0.014773071,0.011459656,0.012494041
H1,2024-01-01 00:00:20.636,-0.0466265,-0.044684574,-0.040234964,-0.042410363,-0.042685255
H1,2024-01-01 00:00:20.637,-0.033297885,-0.033700053,-0.031373773,-0.030253023,-0.032146417
H1,2024-01-01 00:00:20.638,0.04867409,0.04664862,0.041356653,0.04793168,0.044110566
H1,2024-01-01 00:00:20.639,0.058409184,0.056088306,0.05071313,0.055376988,0.051751643
H1,2024-01-01 00:00:20.640,-0.0040926337,-0.0053810086,-0.003304339,-0.00791708,-0.009223176
H1,2024-01-01 00:00:20.641,-0.025013983,-0.025731275,-0.022595877,-0.028174043,-0.029030694
H1,2024-01-01 00:00:20.642,-0.004354857,-0.004962502,-0.0071615125,-0.0053939,-0.007670898
H1,2024-01-01 00:00:20.643,0.015029233,0.014197687,0.0107200015,0.014362358,0.012333849
H1,2024-01-01 00:00:20.644,0.033138316,0.031749293,0.031048663,0.031094713,0.030983549
H1,2024-01-01 00:00:20.645,0.014139898,0.013218578,0.012891471,0.011496052,0.012734849
H1,2024-01-01 00:00:20.646,-0.04196602,-0.04139445,-0.043751583,-0.044433642,-0.042412236
H1,2024-01-01 00:00:20.647,-0.032700803,-0.03184206,-0.0329834,-0.035771944,-0.034083024
H1,2024-01-01 00:00:20.648,0.041935537,0.041875742,0.045195978,0.03748113,0.037722513
H1,2024-01-01 00:00:20.649,0.05069086,0.050698213,0.054303873,0.046944685,0.04616294
H1,2024-01-01 00:00:20.650,-0.006434828,-0.0053746514,-0.0056597143,-0.0073812786,-0.008761752
H1,2024-01-01 00:00:20.651,-0.02495917,-0.024428163,-0.025840975,-0.024917603,-0.026364513
H1,2024-01-01 00:00:20.652,-0.004882157,-0.0064622946,-0.006239921,-0.005664286,-0.0066453535
H1,2024-01-01 00:00:20.653,0.01477522,0.012589671,0.0128295645,0.012835883,0.01364678
H1,2024-01-01 00:00:20.654,0.034012992,0.032727726,0.031367462,0.030582903,0.034511883
H1,2024-01-01 00:00:20.655,0.014763871,0.01334795,0.012283871,0.011836279,0.014562499
H1,2024-01-01 00:00:20.656,-0.042972133,-0.04554966,-0.044421203,-0.043403976,-0.046201374
H1,2024-01-01 00:00:20.657,-0.033153288,-0.03622208,-0.03383396,-0.03302447,-0.03590159
H1,2024-01-01 00:00:20.658,0.044220388,0.041330688,0.044045627,0.04297479,0.045461852
H1,2024-01-01 00:00:20.659,0.053478014,0.050516713,0.052337985,0.051923826,0.05535869
H1,2024-01-01 00:00:20.660,-0.0053804144,-0.008663997,-0.008956872,-0.006177366,-0.0062110685
H1,2024-01-01 00:00:20.661,-0.025199804,-0.027385607,-0.02868278,-0.026020877,-0.025671909
H1,2024-01-01 00:00:20.662,-0.005980175,-0.005648097,-0.0068396926,-0.0076067,-0.0030238088
H1,2024-01-01 00:00:20.663,0.013697922,0.014607538,0.013247706,0.011679295,0.016612949
H1,2024-01-01 00:00:20.664,0.033834465,0.033381313,0.031579435,0.031837113,0.03323838
H1,2024-01-01 00:00:20.665,0.014350072,0.014810391,0.012489777,0.013438167,0.013700761
H1,2024-01-01 00:00:20.666,-0.04475526,-0.04110524,-0.04402127,-0.04351756,-0.04199993
H1,2024-01-01 00:00:20.667,-0.035423238,-0.030773744,-0.030853951,-0.03181332,-0.030722529
H1,2024-01-01 00:00:20.668,0.04234614,0.045804873,0.051991735,0.048550904,0.04753295
H1,2024-01-01 00:00:20.669,0.052713633,0.053870346,0.060340855,0.05704349,0.055916123
H1,2024-01-01 00:00:20.670,-0.0043207444,-0.006577313,-0.0058065765,-0.006335576,-0.005573006
H1,2024-01-01 00:00:20.671,-0.02348259,-0.025878297,-0.0277398,-0.027328692,-0.026518956
H1,2024-01-01 00:00:20.672,-0.0047718883,-0.004032593,-0.0054588187,-0.005935859,-0.006921718
H1,2024-01-01 00:00:20.673,0.013970479,0.015125722,0.014763053,0.014856055,0.013060537
H1,2024-01-01 00:00:20.674,0.032744497,0.031596642,0.03292581,0.035047077,0.0334278
H1,2024-01-01 00:00:20.675,0.014551707,0.012589526,0.01370193,0.0160532,0.0154448375
H1,2024-01-01 00:00:20.676,-0.040607907,-0.041895613,-0.04290859,-0.042125575,-0.040888358
H1,2024-01-01 00:00:20.677,-0.03180799,-0.031517982,-0.033289004,-0.031547386,-0.030700924
H1,2024-01-01 00:00:20.678,0.040951453,0.043722443,0.0425607,0.047787737,0.04600715
H1,2024-01-01 00:00:20.679,0.050054736,0.053460136,0.051445995,0.056432262,0.054526955
H1,2024-01-01 00:00:20.680,-0.0044981427,-0.0023049302,-0.006633114,-0.0056138076,-0.0051415004
H1,2024-01-01 00:00:20.681,-0.023330066,-0.020889627,-0.025655413,-0.026640348,-0.024520766
H1,2024-01-01 00:00:20.682,-0.006441038,-0.002293948,-0.005620893,-0.0066473363,-0.0036108363
H1,2024-01-01 00:00:20.683,0.012059681,0.01640866,0.0135168135,0.013910328,0.015370235
H1,2024-01-01 00:00:20.684,0.03217207,0.035218213,0.03175771,0.035032637,0.03242245
H1,2024-01-01 00:00:20.685,0.013764288,0.014244292,0.012058742,0.01714595,0.01370988
H1,2024-01-01 00:00:20.686,-0.043163672,-0.04651311,-0.04558008,-0.03974974,-0.04076748
H1,2024-01-01 00:00:20.687,-0.031593822,-0.036718108,-0.03141181,-0.02940269,-0.028209154
H1,2024-01-01 00:00:20.688,0.04847383,0.043629296,0.05456354,0.048187133,0.05138487
H1,2024-01-01 00:00:20.689,0.057185784,0.05460718,0.0639378,0.05682104,0.05930027
H1,2024-01-01 00:00:20.690,-0.00545796,-0.0037844637,-0.0032890448,-0.0035009608,-0.004462946
H1,2024-01-01 00:00:20.691,-0.026443847,-0.023150198,-0.026418164,-0.024448082,-0.02522336
H1,2024-01-01 00:00:20.692,-0.0057718717,-0.0034900187,-0.005449556,-0.0060203373,-0.002980968
H1,2024-01-01 00:00:20.693,0.013624849,0.015622707,0.013857879,0.012025207,0.017027482
H1,2024-01-01 00:00:20.694,0.031746317,0.034187984,0.031504154,0.029688563,0.034801986
H1,2024-01-01 00:00:20.695,0.013353087,0.015097648,0.01187006,0.011454739,0.013853814
H1,2024-01-01 00:00:20.696,-0.04155483,-0.04164832,-0.0450444,-0.042676263,-0.04581704
H1,2024-01-01 00:00:20.697,-0.031320654,-0.032419845,-0.034546956,-0.031145863,-0.035006773
H1,2024-01-01 00:00:20.698,0.04405561,0.042783074,0.04336241,0.04604596,0.046284623
H1,2024-01-01 00:00:20.699,0.052151885,0.051894158,0.05322636,0.055465497,0.056334846
H1,2024-01-01 00:00:20.700,-0.0070318505,-0.0050865933,-0.0049550757,-0.002887234,-0.0048561003
H1,2024-01-01 00:00:20.701,-0.026620694,-0.025173336,-0.02447706,-0.023128595,-0.024940062
H1,2024-01-01 00:00:20.702,-0.0066146515,-0.008366058,-0.005339604,-0.0052585807,-0.003917032
H1,2024-01-01 00:00:20.703,0.014649339,0.011197202,0.013574686,0.013812374,0.014783826
H1,2024-01-01 00:00:20.704,0.03717129,0.033516448,0.03226581,0.034084283,0.031162515
H1,2024-01-01 00:00:20.705,0.017900595,0.014980104,0.014175808,0.015023522,0.0128951
H1,2024-01-01 00:00:20.706,-0.043162704,-0.04441183,-0.040695306,-0.04336988,-0.04001843
H1,2024-01-01 00:00:20.707,-0.034688212,-0.03429593,-0.030807694,-0.03302965,-0.028781844
H1,2024-01-01 00:00:20.708,0.043324076,0.04532778,0.043838657,0.046044208,0.046604853
H1,2024-01-01 00:00:20.709,0.053397283,0.05442223,0.052280508,0.05494053,0.05476646
H1,2024-01-01 00:00:20.710,-0.004468564,-0.007012576,-0.005482141,-0.0063406937,-0.004297018
H1,2024-01-01 00:00:20.711,-0.024141965,-0.026978336,-0.025285989,-0.02605873,-0.023516022
H1,2024-01-01 00:00:20.712,-0.0056229047,-0.005475051,-0.0071310475,-0.004213564,-0.0028905421
H1,2024-01-01 00:00:20.713,0.013578057,0.0146703385,0.012555454,0.014353864,0.015222445
H1,2024-01-01 00:00:20.714,0.03346091,0.033457804,0.03377349,0.029643554,0.030822929
H1,2024-01-01 00:00:20.715,0.01581822,0.014861403,0.015819326,0.012635421,0.012060726
H1,2024-01-01 00:00:20.716,-0.03935003,-0.041118845,-0.041307054,-0.036670554,-0.041064166
H1,2024-01-01 00:00:20.717,-0.029355943,-0.031182539,-0.031244386,-0.025423363,-0.029619072
H1,2024-01-01 00:00:20.718,0.045800462,0.044670347,0.04600732,0.04637699,0.04639601
H1,2024-01-01 00:00:20.719,0.054124385,0.053911526,0.054026596,0.052996017,0.054195564
H1,2024-01-01 00:00:20.720,-0.0043841526,-0.0034589916,-0.0071866326,-0.0055662915,-0.006220389
H1,2024-01-01 00:00:20.721,-0.024131708,-0.024004111,-0.027128445,-0.026156476,-0.026446052
H1,2024-01-01 00:00:20.722,-0.00511826,-0.007723838,-0.005798854,-0.008774528,-0.006481424
H1,2024-01-01 00:00:20.723,0.0137606235,0.010632232,0.015095387,0.011359137,0.012862373
H1,2024-01-01 00:00:20.724,0.03250493,0.031064123,0.035554305,0.03424452,0.03158533
H1,2024-01-01 00:00:20.725,0.014788579,0.014429383,0.016861686,0.018120568,0.014881335
H1,2024-01-01 00:00:20.726,-0.03938844,-0.03927198,-0.040982474,-0.03701272,-0.037249595
H1,2024-01-01 00:00:20.727,-0.030622479,-0.029656162,-0.033183675,-0.027230598,-0.026288318
H1,2024-01-01 00:00:20.728,0.041086443,0.043276828,0.040258057,0.047466926,0.047765177
H1,2024-01-01 00:00:20.729,0.049453188,0.051463146,0.0498326,0.05412965,0.054327235
H1,2024-01-01 00:00:20.730,-0.0055222902,-0.005097203,-0.0044600703,-0.0072424114,-0.0066021346
H1,2024-01-01 00:00:20.731,-0.024561904,-0.024158895,-0.022972532,-0.027533706,-0.026728734
H1,2024-01-01 00:00:20.732,-0.0076656453,-0.0057219192,-0.0057047904,-0.0067442358,-0.006052576
H1,2024-01-01 00:00:20.733,0.01113623,0.013275001,0.012406465,0.013935406,0.013828807
H1,2024-01-01 00:00:20.734,0.031843744,0.032831863,0.03136123,0.034505237,0.032915395
H1,2024-01-01 00:00:20.735,0.014881603,0.014712792,0.014367505,0.016270466,0.014762323
H1,2024-01-01 00:00:20.736,-0.03975018,-0.041082233,-0.038574703,-0.04076889,-0.04063041
H1,2024-01-01 00:00:20.737,-0.029982096,-0.030285748,-0.02850343,-0.03053654,-0.030584104
H1,2024-01-01 00:00:20.738,0.044185862,0.047102235,0.044581354,0.04696752,0.044901237
H1,2024-01-01 00:00:20.739,0.05189627,0.054008905,0.05180469,0.05513191,0.05262249
H1,2024-01-01 00:00:20.740,-0.0068508647,-0.009565746,-0.0068334118,-0.006043382,-0.007420361
H1,2024-01-01 00:00:20.741,-0.026960604,-0.029715482,-0.02589545,-0.026672758,-0.027584676
H1,2024-01-01 00:00:20.742,-0.008432932,-0.006440278,-0.005381398,-0.0067562237,-0.007870451
H1,2024-01-01 00:00:20.743,0.011275977,0.014218554,0.013962522,0.012537092,0.012876179
H1,2024-01-01 00:00:20.744,0.032166105,0.03226101,0.032136306,0.031207196,0.03465522
H1,2024-01-01 00:00:20.745,0.01561939,0.014597546,0.015306065,0.014529049,0.016792253
H1,2024-01-01 00:00:20.746,-0.03836418,-0.038771853,-0.036528215,-0.03749735,-0.04071273
H1,2024-01-01 00:00:20.747,-0.02882395,-0.02940134,-0.027839582,-0.026136413,-0.030890778
H1,2024-01-01 00:00:20.748,0.044240102,0.042709067,0.041371964,0.048611857,0.0462581
H1,2024-01-01 00:00:20.749,0.051827904,0.04937972,0.047552027,0.054732427,0.053677816
H1,2024-01-01 00:00:20.750,-0.0060605593,-0.0093894005,-0.0092993975,-0.0077746883,-0.008631617
H1,2024-01-01 00:00:20.751,-0.02562394,-0.028413853,-0.027214803,-0.028116323,-0.028661937
H1,2024-01-01 00:00:20.752,-0.0068622567,-0.007693641,-0.006194191,-0.006292481,-0.0064131394
H1,2024-01-01 00:00:20.753,0.012617528,0.012412615,0.01329829,0.015284374,0.01518669
H1,2024-01-01 00:00:20.754,0.03281542,0.03190492,0.031262655,0.036614254,0.036137585
H1,2024-01-01 00:00:20.755,0.01634454,0.013922207,0.014273999,0.017816499,0.019522652
H1,2024-01-01 00:00:20.756,-0.036795124,-0.04153552,-0.037667677,-0.041108884,-0.034658115
H1,2024-01-01 00:00:20.757,-0.027662814,-0.031218834,-0.028922942,-0.031978253,-0.026079929
H1,2024-01-01 00:00:20.758,0.043741442,0.04487226,0.040508226,0.04520839,0.045257196
H1,2024-01-01 00:00:20.759,0.050990917,0.051960006,0.047687426,0.05312605,0.050304078
H1,2024-01-01 00:00:20.760,-0.0059143975,-0.009955598,-0.007385332,-0.008225306,-0.010939278
H1,2024-01-01 00:00:20.761,-0.02547571,-0.029714398,-0.024643764,-0.028596794,-0.029838188
H1,2024-01-01 00:00:20.762,-0.007693001,-0.0073163956,-0.004087858,-0.0079884045,-0.0063926578
H1,2024-01-01 00:00:20.763,0.01250445,0.013367824,0.017503045,0.013206683,0.01592043
H1,2024-01-01 00:00:20.764,0.035116643,0.032338247,0.040128954,0.03498848,0.03710108
H1,2024-01-01 00:00:20.765,0.01707143,0.014260933,0.022384316,0.01775837,0.018211337
H1,2024-01-01 00:00:20.766,-0.04163119,-0.040864125,-0.035730887,-0.03848365,-0.04074879
H1,2024-01-01 00:00:20.767,-0.03346911,-0.030921549,-0.0286323,-0.029262709,-0.0331145
H1,2024-01-01 00:00:20.768,0.041557655,0.044088647,0.043680057,0.045421183,0.04111421
H1,2024-01-01 00:00:20.769,0.05013862,0.050811354,0.051031217,0.052635618,0.04897938
H1,2024-01-01 00:00:20.770,-0.0077262223,-0.010753442,-0.006578829,-0.0076194294,-0.009518981
H1,2024-01-01 00:00:20.771,-0.02703189,-0.02990485,-0.027255781,-0.027754225,-0.02827879
H1,2024-01-01 00:00:20.772,-0.007778379,-0.0066428483,-0.010999631,-0.0077687576,-0.0073000602
H1,2024-01-01 00:00:20.773,0.0127426665,0.013499346,0.009828631,0.013907295,0.013649865
H1,2024-01-01 00:00:20.774,0.034531254,0.030521724,0.035228986,0.037273936,0.034570985
H1,2024-01-01 00:00:20.775,0.016901525,0.012798889,0.019903418,0.018074594,0.017655388
H1,2024-01-01 00:00:20.776,-0.0401465,-0.03966917,-0.036148086,-0.04369074,-0.037096895
H1,2024-01-01 00:00:20.777,-0.030739471,-0.028242484,-0.027735652,-0.034927294,-0.028268471
H1,2024-01-01 00:00:20.778,0.04512261,0.047078937,0.045140743,0.044364944,0.044140674
H1,2024-01-01 00:00:20.779,0.052296415,0.052939236,0.051556356,0.052957356,0.049919546
H1,2024-01-01 00:00:20.780,-0.00921803,-0.010661557,-0.008488804,-0.009150058,-0.010931879
H1,2024-01-01 00:00:20.781,-0.029001843,-0.031697527,-0.028439268,-0.029475644,-0.029666496
H1,2024-01-01 00:00:20.782,-0.007055007,-0.01016869,-0.008295024,-0.0080194175,-0.0062843114
H1,2024-01-01 00:00:20.783,0.012819339,0.012280479,0.014018655,0.0133292,0.015856989
H1,2024-01-01 00:00:20.784,0.030621205,0.03564999,0.038501777,0.034570202,0.036757432
H1,2024-01-01 00:00:20.785,0.011405241,0.016966134,0.019865483,0.0156027675,0.016354594
H1,2024-01-01 00:00:20.786,-0.04482857,-0.04377108,-0.04189022,-0.04357312,-0.045351535
H1,2024-01-01 00:00:20.787,-0.03484617,-0.03488503,-0.03519293,-0.034721505,-0.036443412
H1,2024-01-01 00:00:20.788,0.041352414,0.043624274,0.039957345,0.04215759,0.04307892
H1,2024-01-01 00:00:20.789,0.049802642,0.0521453,0.04777967,0.050835367,0.05243136
H1,2024-01-01 00:00:20.790,-0.009495486,-0.009321959,-0.01172594,-0.008688174,-0.008386137
H1,2024-01-01 00:00:20.791,-0.029398829,-0.030066267,-0.03003902,-0.02902792,-0.028960519
H1,2024-01-01 00:00:20.792,-0.009907365,-0.010087613,-0.007159576,-0.010183871,-0.009291798
H1,2024-01-01 00:00:20.793,0.012171805,0.011902433,0.014821876,0.010919355,0.012681507
H1,2024-01-01 00:00:20.794,0.036838688,0.03590389,0.035905328,0.034281723,0.03695939
H1,2024-01-01 00:00:20.795,0.017441342,0.016607318,0.015546892,0.013057575,0.019440183
H1,2024-01-01 00:00:20.796,-0.046020202,-0.04598726,-0.046253443,-0.052753083,-0.03987613
H1,2024-01-01 00:00:20.797,-0.03752928,-0.037483215,-0.038582288,-0.042348575,-0.032365903
H1,2024-01-01 00:00:20.798,0.042914122,0.042119443,0.038560353,0.0442711,0.041970864
H1,2024-01-01 00:00:20.799,0.052244257,0.050358884,0.048116755,0.055024512,0.049454167
H1,2024-01-01 00:00:20.800,-0.009538848,-0.01276489,-0.009913085,-0.010088358,-0.009915993
H1,2024-01-01 00:00:20.801,-0.030395202,-0.032999862,-0.02858583,-0.031839937,-0.0297871
H1,2024-01-01 00:00:20.802,-0.010324804,-0.010346029,-0.007901482,-0.010230228,-0.010159116
H1,2024-01-01 00:00:20.803,0.0124334525,0.013393633,0.013641678,0.013171107,0.012971071
H1,2024-01-01 00:00:20.804,0.03787958,0.038219124,0.03604363,0.038364068,0.039603464
H1,2024-01-01 00:00:20.805,0.016399171,0.017303646,0.013545901,0.017088167,0.017556712
H1,2024-01-01 00:00:20.806,-0.052007765,-0.04935283,-0.053851515,-0.05065659,-0.0531692
H1,2024-01-01 00:00:20.807,-0.044571593,-0.04081546,-0.043953825,-0.040994093,-0.0437329
H1,2024-01-01 00:00:20.808,0.038707655,0.04291574,0.043238975,0.046075664,0.045865618
H1,2024-01-01 00:00:20.809,0.049850635,0.052843414,0.05401828,0.05658625,0.05653351
H1,2024-01-01 00:00:20.810,-0.011142634,-0.0110324565,-0.011615917,-0.009462312,-0.011729211
H1,2024-01-01 00:00:20.811,-0.03051842,-0.03085395,-0.03258162,-0.03152945,-0.03429264
H1,2024-01-01 00:00:20.812,-0.008276723,-0.0066210655,-0.00887882,-0.009615149,-0.011156771
H1,2024-01-01 00:00:20.813,0.014459349,0.015915547,0.014336184,0.0133078955,0.012005642
H1,2024-01-01 00:00:20.814,0.037689805,0.0367559,0.037063435,0.037239686,0.03519457
H1,2024-01-01 00:00:20.815,0.014758885,0.013898324,0.015174139,0.014838047,0.013569191
H1,2024-01-01 00:00:20.816,-0.05433339,-0.052657194,-0.05133174,-0.053897034,-0.052870497
H1,2024-01-01 00:00:20.817,-0.044251576,-0.042568967,-0.041851453,-0.044848923,-0.04391565
H1,2024-01-01 00:00:20.818,0.045004327,0.044163007,0.04361501,0.041982386,0.040433697
H1,2024-01-01 00:00:20.819,0.055796772,0.054105036,0.053723678,0.053103473,0.05111056
H1,2024-01-01 00:00:20.820,-0.011874266,-0.012742883,-0.011525448,-0.01148567,-0.011885095
H1,2024-01-01 00:00:20.821,-0.034060992,-0.033209607,-0.032715008,-0.031700872,-0.031786915
H1,2024-01-01 00:00:20.822,-0.010763421,-0.007295139,-0.0098450035,-0.0075421333,-0.008594897
H1,2024-01-01 00:00:20.823,0.012408189,0.016083546,0.013402559,0.01589714,0.015325295
H1,2024-01-01 00:00:20.824,0.035453826,0.036926426,0.037027672,0.038616918,0.03997366
H1,2024-01-01 00:00:20.825,0.012717187,0.012152036,0.015026435,0.01548633,0.017763048
H1,2024-01-01 00:00:20.826,-0.055801764,-0.058239654,-0.052601155,-0.05349464,-0.051306553
H1,2024-01-01 00:00:20.827,-0.045455843,-0.04767967,-0.042910613,-0.045176454,-0.04380266
H1,2024-01-01 00:00:20.828,0.043754935,0.04383198,0.044098064,0.04044088,0.040274717
H1,2024-01-01 00:00:20.829,0.055105664,0.055860996,0.05466012,0.05204638,0.051090505
H1,2024-01-01 00:00:20.830,-0.011403665,-0.011592645,-0.0112244375,-0.010359965,-0.011355296
H1,2024-01-01 00:00:20.831,-0.032646514,-0.033300757,-0.03328646,-0.029979065,-0.031689994
H1,2024-01-01 00:00:20.832,-0.0086229,-0.009263329,-0.011525936,-0.0068109185,-0.009913623
H1,2024-01-01 00:00:20.833,0.013329776,0.013248354,0.010293084,0.014877632,0.012108944
H1,2024-01-01 00:00:20.834,0.0332115,0.034234293,0.032170605,0.035086587,0.03437771
H1,2024-01-01 00:00:20.835,0.009812049,0.011030182,0.009528961,0.011879098,0.010410463
H1,2024-01-01 00:00:20.836,-0.056868583,-0.056363955,-0.057631858,-0.054744825,-0.059792817
H1,2024-01-01 00:00:20.837,-0.04553596,-0.044426657,-0.046274476,-0.044701897,-0.049051017
H1,2024-01-01 00:00:20.838,0.043809906,0.046842106,0.043601073,0.042007882,0.04263585
H1,2024-01-01 00:00:20.839,0.05620449,0.057482325,0.055744886,0.053037345,0.05584791
H1,2024-01-01 00:00:20.840,-0.008352205,-0.012506003,-0.009842999,-0.011613505,-0.009414818
H1,2024-01-01 00:00:20.841,-0.030314129,-0.03476653,-0.03227176,-0.03285882,-0.03163131
H1,2024-01-01 00:00:20.842,-0.009681277,-0.009299295,-0.011541385,-0.010698602,-0.010801561
H1,2024-01-01 00:00:20.843,0.012563534,0.013814971,0.011039484,0.012291346,0.012101408
H1,2024-01-01 00:00:20.844,0.036420327,0.03457626,0.03547085,0.03611103,0.03707759
H1,2024-01-01 00:00:20.845,0.012372237,0.010362573,0.011564061,0.01183105,0.013295203
H1,2024-01-01 00:00:20.846,-0.059580725,-0.05882608,-0.06068089,-0.060548604,-0.059245747
H1,2024-01-01 00:00:20.847,-0.04935531,-0.046862796,-0.048351116,-0.050430387,-0.04798893
H1,2024-01-01 00:00:20.848,0.043048494,0.046252437,0.048553355,0.04218568,0.047065668
H1,2024-01-01 00:00:20.849,0.055912398,0.05855935,0.061778966,0.055751886,0.059708126
H1,2024-01-01 00:00:20.850,-0.010763571,-0.0099420585,-0.008674286,-0.00973177,-0.010061547
H1,2024-01-01 00:00:20.851,-0.033647176,-0.033095233,-0.032911174,-0.03121248,-0.03377889
H1,2024-01-01 00:00:20.852,-0.01273841,-0.0109001715,-0.010931656,-0.008690249,-0.011443913
H1,2024-01-01 00:00:20.853,0.010253176,0.011216277,0.010839004,0.013711061,0.010919568
H1,2024-01-01 00:00:20.854,0.035327572,0.033254113,0.032400846,0.035991468,0.03331155
H1,2024-01-01 00:00:20.855,0.010402245,0.010753408,0.008934991,0.011425771,0.010611086
H1,2024-01-01 00:00:20.856,-0.06452282,-0.0562858,-0.059558555,-0.059986033,-0.05718183
H1,2024-01-01 00:00:20.857,-0.052707106,-0.04495173,-0.04865098,-0.049884737,-0.046712983
H1,2024-01-01 00:00:20.858,0.045849413,0.044755645,0.04165771,0.041729644,0.04201763
H1,2024-01-01 00:00:20.859,0.06054966,0.05677481,0.054101493,0.054317486,0.055215944
H1,2024-01-01 00:00:20.860,-0.008606318,-0.008894237,-0.011319622,-0.012121193,-0.0071180714
H1,2024-01-01 00:00:20.861,-0.032182194,-0.031623848,-0.032896608,-0.033932954,-0.02992388
H1,2024-01-01 00:00:20.862,-0.01017797,-0.011414014,-0.010629468,-0.011117804,-0.013201479
H1,2024-01-01 00:00:20.863,0.01058913,0.010085754,0.011364628,0.011776414,0.00827422
H1,2024-01-01 00:00:20.864,0.030119102,0.032875463,0.033085704,0.034749694,0.034503214
H1,2024-01-01 00:00:20.865,0.0077461638,0.008960843,0.010123579,0.012301603,0.011534285
H1,2024-01-01 00:00:20.866,-0.0565297,-0.061658084,-0.05752173,-0.055567864,-0.06063256
H1,2024-01-01 00:00:20.867,-0.043691806,-0.0477126,-0.04465382,-0.04415346,-0.050675742
H1,2024-01-01 00:00:20.868,0.046259817,0.050797313,0.048727266,0.046544805,0.04140473
H1,2024-01-01 00:00:20.869,0.057878517,0.06323645,0.0607287,0.058352813,0.053998925
H1,2024-01-01 00:00:20.870,-0.008835718,-0.010395177,-0.008649476,-0.008729443,-0.012893163
H1,2024-01-01 00:00:20.871,-0.032189198,-0.034805045,-0.032595195,-0.032436445,-0.03473051
H1,2024-01-01 00:00:20.872,-0.012181917,-0.009993151,-0.011108403,-0.012768209,-0.011513114
H1,2024-01-01 00:00:20.873,0.00994424,0.014186449,0.011814474,0.010075621,0.011075668
H1,2024-01-01 00:00:20.874,0.034189273,0.03773375,0.036173448,0.036095023,0.03303583
H1,2024-01-01 00:00:20.875,0.010294937,0.012562025,0.011351772,0.011722019,0.008967558
H1,2024-01-01 00:00:20.876,-0.06173876,-0.061328705,-0.062650576,-0.063043386,-0.06112915
H1,2024-01-01 00:00:20.877,-0.049898285,-0.050356537,-0.050793417,-0.052637383,-0.04823514
H1,2024-01-01 00:00:20.878,0.04581637,0.04547853,0.046923243,0.04294002,0.04764959
H1,2024-01-01 00:00:20.879,0.05901617,0.058869053,0.06019129,0.056389213,0.06040528
H1,2024-01-01 00:00:20.880,-0.010298887,-0.010184985,-0.010989286,-0.012289837,-0.00996805
H1,2024-01-01 00:00:20.881,-0.034129836,-0.03366331,-0.035937153,-0.035463497,-0.03389506
H1,2024-01-01 00:00:20.882,-0.012476668,-0.011565939,-0.014652282,-0.013131794,-0.0113757495
H1,2024-01-01 00:00:20.883,0.009465015,0.011388294,0.008439567,0.00958208,0.011573501
H1,2024-01-01 00:00:20.884,0.031695217,0.035199374,0.033338428,0.032678135,0.03495267
H1,2024-01-01 00:00:20.885,0.008966245,0.011012163,0.008982811,0.009650752,0.011008808
H1,2024-01-01 00:00:20.886,-0.058721915,-0.06117335,-0.06462724,-0.05950006,-0.060258083
H1,2024-01-01 00:00:20.887,-0.047861677,-0.048943844,-0.052918464,-0.04783434,-0.04802718
H1,2024-01-01 00:00:20.888,0.041546967,0.047700696,0.04410915,0.04464794,0.04770153
H1,2024-01-01 00:00:20.889,0.0538518,0.05987344,0.059086673,0.05632922,0.05979017
H1,2024-01-01 00:00:20.890,-0.010947175,-0.012425587,-0.007985893,-0.012790469,-0.01176127
H1,2024-01-01 00:00:20.891,-0.03234178,-0.037656374,-0.031448938,-0.035788707,-0.0367003
H1,2024-01-01 00:00:20.892,-0.010332014,-0.015818931,-0.011302441,-0.012665469,-0.015026921
H1,2024-01-01 00:00:20.893,0.010817707,0.007275857,0.009289797,0.009001687,0.0071208086
H1,2024-01-01 00:00:20.894,0.031107368,0.03162799,0.03032779,0.029212765,0.0297429
H1,2024-01-01 00:00:20.895,0.006995339,0.009778462,0.008302949,0.0057193525,0.007898409
H1,2024-01-01 00:00:20.896,-0.06151842,-0.058272723,-0.056784704,-0.06147857,-0.058412682
H1,2024-01-01 00:00:20.897,-0.047580495,-0.044933647,-0.044054758,-0.04746449,-0.044838186
H1,2024-01-01 00:00:20.898,0.04880907,0.049795683,0.046492822,0.047761567,0.048621885
H1,2024-01-01 00:00:20.899,0.06066869,0.060675293,0.05709516,0.059747204,0.059434045
H1,2024-01-01 00:00:20.900,-0.012001637,-0.012294815,-0.012247719,-0.011507571,-0.012401711
H1,2024-01-01 00:00:20.901,-0.036094766,-0.037297614,-0.035678603,-0.036094934,-0.036837876
H1,2024-01-01 00:00:20.902,-0.011610709,-0.014333084,-0.013197474,-0.014014907,-0.013874445
H1,2024-01-01 00:00:20.903,0.0109342225,0.008482732,0.00991441,0.008539669,0.009818003
H1,2024-01-01 00:00:20.904,0.03154001,0.031149834,0.033657048,0.031568773,0.03423946
H1,2024-01-01 00:00:20.905,0.0091409385,0.009034246,0.011781178,0.009566814,0.012235295
H1,2024-01-01 00:00:20.906,-0.056263003,-0.057864018,-0.055713177,-0.057466216,-0.056194484
H1,2024-01-01 00:00:20.907,-0.045698576,-0.045927122,-0.04437784,-0.044547178,-0.045064367
H1,2024-01-01 00:00:20.908,0.04083423,0.044844907,0.045787208,0.048323914,0.04562565
H1,2024-01-01 00:00:20.909,0.052372836,0.054965183,0.055705898,0.05888733,0.057392415
H1,2024-01-01 00:00:20.910,-0.011082735,-0.015566306,-0.014621776,-0.0128569305,-0.009764057
H1,2024-01-01 00:00:20.911,-0.03281667,-0.039135985,-0.03707114,-0.0371561,-0.0328124
H1,2024-01-01 00:00:20.912,-0.012828942,-0.015743844,-0.011642184,-0.014010191,-0.011752628
H1,2024-01-01 00:00:20.913,0.008594394,0.007873721,0.011395961,0.009243138,0.01090344
H1,2024-01-01 00:00:20.914,0.03145335,0.03171671,0.032043293,0.03260388,0.035155814
H1,2024-01-01 00:00:20.915,0.009862196,0.008148437,0.008646978,0.008962579,0.012478106
H1,2024-01-01 00:00:20.916,-0.05617907,-0.06283111,-0.058793,-0.061680797,-0.05712968
H1,2024-01-01 00:00:20.917,-0.044595093,-0.051838085,-0.048516702,-0.04966098,-0.04477155
H1,2024-01-01 00:00:20.918,0.04461412,0.041127514,0.03947588,0.045022033,0.04955249
H1,2024-01-01 00:00:20.919,0.054709103,0.05392081,0.05052888,0.05710978,0.058664557
H1,2024-01-01 00:00:20.920,-0.014310166,-0.013458189,-0.0153576955,-0.013397746,-0.017435342
H1,2024-01-01 00:00:20.921,-0.037105728,-0.03620275,-0.035684355,-0.036732048,-0.042149443
H1,2024-01-01 00:00:20.922,-0.01367759,-0.014312871,-0.0104511045,-0.012893129,-0.015477747
H1,2024-01-01 00:00:20.923,0.009287238,0.0077979118,0.011584457,0.009445786,0.008423731
H1,2024-01-01 00:00:20.924,0.03178872,0.030129619,0.030422349,0.030284703,0.029554982
H1,2024-01-01 00:00:20.925,0.008455902,0.0089870095,0.008164529,0.00756367,0.006602235
H1,2024-01-01 00:00:20.926,-0.06071123,-0.055629916,-0.055188987,-0.058717318,-0.060434513
H1,2024-01-01 00:00:20.927,-0.04809254,-0.044391125,-0.043770757,-0.046413764,-0.047116145
H1,2024-01-01 00:00:20.928,0.046311982,0.04270339,0.04241921,0.044474326,0.046557333
H1,2024-01-01 00:00:20.929,0.05852204,0.053350523,0.051553153,0.055894326,0.057374336
H1,2024-01-01 00:00:20.930,-0.011462383,-0.012449697,-0.016368931,-0.012153748,-0.014665145
H1,2024-01-01 00:00:20.931,-0.035086464,-0.03574921,-0.03850678,-0.035538424,-0.03810129
H1,2024-01-01 00:00:20.932,-0.012350207,-0.016548015,-0.014860392,-0.014259685,-0.012934094
H1,2024-01-01 00:00:20.933,0.009953167,0.005874696,0.008440003,0.0089165745,0.011195563
H1,2024-01-01 00:00:20.934,0.031823676,0.031518936,0.0313944,0.03399036,0.0342877
H1,2024-01-01 00:00:20.935,0.008690486,0.008965317,0.007905817,0.009970676,0.00949719
H1,2024-01-01 00:00:20.936,-0.059446394,-0.06178616,-0.06202574,-0.06314248,-0.06317596
H1,2024-01-01 00:00:20.937,-0.04723773,-0.049974084,-0.050255165,-0.05182885,-0.05151929
H1,2024-01-01 00:00:20.938,0.045316502,0.044401523,0.043217547,0.043911584,0.04446723
H1,2024-01-01 00:00:20.939,0.057360396,0.057046093,0.05613567,0.056823898,0.05676586
H1,2024-01-01 00:00:20.940,-0.011106055,-0.012040369,-0.011500783,-0.013091884,-0.0146234
H1,2024-01-01 00:00:20.941,-0.03389852,-0.034839332,-0.033705134,-0.035928264,-0.03728081
H1,2024-01-01 00:00:20.942,-0.0110170245,-0.011350816,-0.010477386,-0.011685241,-0.011206374
H1,2024-01-01 00:00:20.943,0.010316774,0.0102399085,0.011672728,0.012081046,0.012446176
H1,2024-01-01 00:00:20.944,0.03010284,0.02993284,0.032745242,0.035370618,0.033676837
H1,2024-01-01 00:00:20.945,0.008652102,0.0060212296,0.009804931,0.011613186,0.0075702146
H1,2024-01-01 00:00:20.946,-0.054035444,-0.061494928,-0.05714818,-0.05919126,-0.06587367
H1,2024-01-01 00:00:20.947,-0.043056358,-0.04947475,-0.046111345,-0.04715929,-0.05405647
H1,2024-01-01 00:00:20.948,0.041589342,0.04208175,0.04291544,0.04770909,0.043021828
H1,2024-01-01 00:00:20.949,0.051764593,0.05456875,0.0542697,0.060344074,0.0561225
H1,2024-01-01 00:00:20.950,-0.012530593,-0.012013763,-0.012048539,-0.009254333,-0.014754392
H1,2024-01-01 00:00:20.951,-0.033995762,-0.0346212,-0.03420969,-0.032484565,-0.036938787
H1,2024-01-01 00:00:20.952,-0.012630917,-0.013253579,-0.0122137405,-0.009346604,-0.010430675
H1,2024-01-01 00:00:20.953,0.009901486,0.009400375,0.010463752,0.012814812,0.01286041
H1,2024-01-01 00:00:20.954,0.03360144,0.03334066,0.033822753,0.033999704,0.032934465
H1,2024-01-01 00:00:20.955,0.009912871,0.009324562,0.01074468,0.008703202,0.008979395
H1,2024-01-01 00:00:20.956,-0.061164238,-0.06264794,-0.05877046,-0.06307472,-0.059004813
H1,2024-01-01 00:00:20.957,-0.050956182,-0.0496056,-0.046993524,-0.049569175,-0.046690427
H1,2024-01-01 00:00:20.958,0.040537037,0.04845154,0.04607548,0.049219877,0.04592255
H1,2024-01-01 00:00:20.959,0.053844973,0.061019894,0.05727082,0.062435288,0.05830317
H1,2024-01-01 00:00:20.960,-0.011032339,-0.011900529,-0.013407507,-0.009922922,-0.009548567
H1,2024-01-01 00:00:20.961,-0.03321751,-0.035984196,-0.036163293,-0.03400528,-0.03272445
H1,2024-01-01 00:00:20.962,-0.012710534,-0.011231124,-0.010996509,-0.009811793,-0.011224471
H1,2024-01-01 00:00:20.963,0.009464549,0.01205197,0.012606155,0.014011935,0.011777271
H1,2024-01-01 00:00:20.964,0.03330777,0.033865064,0.034644723,0.037465896,0.03628076
H1,2024-01-01 00:00:20.965,0.008081714,0.009775624,0.009362027,0.012033612,0.0119385645
H1,2024-01-01 00:00:20.966,-0.06621361,-0.060216352,-0.063241914,-0.06228494,-0.06124933
H1,2024-01-01 00:00:20.967,-0.05393332,-0.04762353,-0.051549394,-0.049652472,-0.05052279
H1,2024-01-01 00:00:20.968,0.044922546,0.047554113,0.044439614,0.049931016,0.044118203
H1,2024-01-01 00:00:20.969,0.059904285,0.059091695,0.057985682,0.062092826,0.057155102
H1,2024-01-01 00:00:20.970,-0.008988101,-0.01301077,-0.010911195,-0.013167068,-0.011412077
H1,2024-01-01 00:00:20.971,-0.03313455,-0.036542952,-0.03431584,-0.038421564,-0.035257533
H1,2024-01-01 00:00:20.972,-0.012535088,-0.011504851,-0.012228243,-0.013670649,-0.01438127
H1,2024-01-01 00:00:20.973,0.009576373,0.012702317,0.011542238,0.011557475,0.009176079
H1,2024-01-01 00:00:20.974,0.03319982,0.036078557,0.0369956,0.03726282,0.035414513
H1,2024-01-01 00:00:20.975,0.008967128,0.010950107,0.012489814,0.0109084435,0.011419527
H1,2024-01-01 00:00:20.976,-0.06312168,-0.06268303,-0.061975118,-0.06750566,-0.06280887
H1,2024-01-01 00:00:20.977,-0.05202259,-0.05055948,-0.0523189,-0.053964168,-0.050140668
H1,2024-01-01 00:00:20.978,0.042264406,0.047320776,0.041458473,0.051532883,0.04942415
H1,2024-01-01 00:00:20.979,0.05615006,0.059974693,0.054955542,0.06505907,0.061921902
H1,2024-01-01 00:00:20.980,-0.0103656165,-0.01259773,-0.0118276775,-0.013385618,-0.012647387
H1,2024-01-01 00:00:20.981,-0.032833576,-0.03638068,-0.034314446,-0.03935778,-0.0368106
H1,2024-01-01 00:00:20.982,-0.011253819,-0.011374155,-0.012504742,-0.012857422,-0.010567721
H1,2024-01-01 00:00:20.983,0.011076458,0.012110788,0.010578837,0.011823341,0.013913428
H1,2024-01-01 00:00:20.984,0.03415724,0.034074157,0.034936287,0.034684498,0.03663285
H1,2024-01-01 00:00:20.985,0.0104900375,0.008253403,0.010486729,0.010248121,0.0110588595
H1,2024-01-01 00:00:20.986,-0.05992515,-0.06535145,-0.06276983,-0.06148579,-0.06280851
H1,2024-01-01 00:00:20.987,-0.04917936,-0.052678607,-0.049694426,-0.047449715,-0.050667584
H1,2024-01-01 00:00:20.988,0.042727448,0.04627193,0.049712926,0.052356362,0.04748167
H1,2024-01-01 00:00:20.989,0.05447837,0.05871225,0.06150179,0.06398674,0.059865475
H1,2024-01-01 00:00:20.990,-0.013926562,-0.015357662,-0.014327869,-0.012558585,-0.0135161765
H1,2024-01-01 00:00:20.991,-0.036236316,-0.038556486,-0.038903657,-0.037951298,-0.037363466
H1,2024-01-01 00:00:20.992,-0.012450896,-0.01088424,-0.012225591,-0.012191415,-0.011676412
H1,2024-01-01 00:00:20.993,0.01020135,0.013826828,0.0118947625,0.012059383,0.012039142
H1,2024-01-01 00:00:20.994,0.031720407,0.035576694,0.03345742,0.03480109,0.033783175
H1,2024-01-01 00:00:20.995,0.010010725,0.013849843,0.011067754,0.011392891,0.011483025
H1,2024-01-01 00:00:20.996,-0.054927703,-0.051353727,-0.055274226,-0.058165208,-0.054861296
H1,2024-01-01 00:00:20.997,-0.049838725,-0.04788458,-0.04906554,-0.05310475,-0.048274983
H1,2024-01-01 00:00:20.998,0.025277622,0.024257278,0.029693803,0.02657424,0.031241974
H1,2024-01-01 00:00:20.999,0.062835805,0.060328208,0.069073476,0.06641373,0.07100044
